date,ew_long,ew_short,ew_130_30,vw_long,vw_short,vw_130_30,sp500
1974-07-01,-0.05295689664781093,,,-0.07382438892177286,,,-0.0736
1974-08-01,-0.09929091669619083,,,-0.1462500902230242,,,-0.0879
1974-09-01,-0.07440260453149676,,,-0.10854357950116164,,,-0.10969999999999999
1974-10-01,0.013019767589867115,,,0.04093374738171466,,,0.1661
1974-11-01,0.023935407400131226,,,0.054386802050005886,,,-0.0399
1974-12-01,-0.05772381722927093,,,-0.06639598366124436,,,-0.027500000000000004
1975-01-01,0.24218759189049402,,,0.2017777156560259,,,0.1425
1975-02-01,0.02355246605972449,,,0.01098550296928106,,,0.059899999999999995
1975-03-01,0.05008154132713874,,,0.0005343296799162387,,,0.0307
1975-04-01,-0.020592158776707947,,,0.004590026946261404,,,0.046599999999999996
1975-05-01,0.022534975243615918,,,0.021597456381087614,,,0.056400000000000006
1975-06-01,0.12529694905970246,,,0.14518580494877795,,,0.0528
1975-07-01,-0.027130525623416078,,,-0.053934466422607324,,,-0.061200000000000004
1975-08-01,-0.04801749240338676,,,-0.047377935080979525,,,-0.0236
1975-09-01,-0.04929996434287405,,,-0.05292127305829289,,,-0.0373
1975-10-01,0.012024415478877285,,,0.04674678629857848,,,0.058800000000000005
1975-11-01,0.0010709291123981836,,,0.029199009400694344,,,0.0306
1975-12-01,-0.015339669545129355,,,-0.01497574841470852,,,-0.011200000000000002
1976-01-01,0.1730392930006666,,,0.15242069102566894,,,0.1263
1976-02-01,0.04079042442026548,0.030562022235244513,0.06219615841691847,0.017377814349231597,0.0482608661012802,0.037069418484385136,0.0066
1976-03-01,0.01584217934170738,-0.028274501072398078,0.012112482822500171,0.028570334774303013,-0.029741423122734208,0.02821900826977365,0.0272
1976-04-01,-0.005604229738237336,-0.006224088437156752,-0.009152725190855563,0.017161398904458558,-0.009732227667604999,0.019390150275514627,-0.010600000000000002
1976-05-01,-0.019365190843236634,0.015434242633637041,-0.020544475306116514,0.03237534930702803,0.022594568718863662,0.048866324714795545,-0.009800000000000001
1976-06-01,0.03568550275469368,-0.047831250333265234,0.03204177848112222,0.04459376378557446,-0.021245081877093647,0.05159836835811871,0.0448
1976-07-01,0.01304100122768432,0.009675460481084884,0.01985593974031508,0.0009589772292809771,0.017473902919964722,0.0064888412740546865,-0.005900000000000001
1976-08-01,-0.015111851816479255,0.03159055865909706,-0.010168239763693913,-0.0017069194663462102,-0.027399299324543193,-0.01043878510361303,-0.0014999999999999996
1976-09-01,0.019924256527288395,-0.018132964147917312,0.02046164424109972,0.04995073539985148,-0.013298167432814485,0.06094650578996258,0.024800000000000003
1976-10-01,-0.010819946206174791,0.025473620644770562,-0.006423843874596061,-0.029284186345022105,0.013655529515086539,-0.033972783394002774,-0.0201
1976-11-01,0.03603420407045633,-0.03182832774179376,0.0372959669690551,0.006457290910740282,-0.031376581901200185,-0.0010184963863976888,0.0077
1976-12-01,0.08113666077842936,-0.10132735555060207,0.07507945234677756,0.06764710566299321,-0.06929781121846997,0.0671518939963502,0.0605
1977-01-01,0.007239708814304322,0.0004667724412865937,0.009551653190981597,-0.006287199295752337,0.02726097192824044,4.932493994093054e-06,-0.0368
1977-02-01,-0.02497083285050665,0.014565179114351455,-0.02809252897135321,-0.01436819053441058,0.014331386913503006,-0.014379231620682852,-0.0159
1977-03-01,-0.007991578654830599,0.009576576148780684,-0.007516079406645574,-0.007706946908789915,0.01772984859443727,-0.004700076403095709,-0.009700000000000002
1977-04-01,0.010595008661039174,-0.022497033416293562,0.007024401234462858,-0.01194620256023559,-0.01678795187090424,-0.020566448889577538,0.0053
1977-05-01,-0.006274228533321857,-0.0014436968050799087,-0.008589606134842387,-0.010075551210344176,-0.0041953327294453465,-0.014356816392281034,-0.011
1977-06-01,0.061957088762306066,-0.07893618334476885,0.05686336038756724,0.059222085174953434,-0.047655702766433966,0.06269199989750929,0.051199999999999996
1977-07-01,-0.010687092267908156,0.023529133347328753,-0.006834479944081978,-0.004056200574088767,0.04354404383729517,0.007790152404873152,-0.0127
1977-08-01,-0.003897647697678102,0.03466117733882533,0.005331411194666066,-0.018691517729853595,0.019117001479955344,-0.018563872604823072,-0.0132
1977-09-01,0.011892715069864477,0.007843176954301055,0.017813482677114138,0.000721186086190793,0.011496544162777383,0.004386505160881246,0.0015999999999999999
1977-10-01,-0.03425774135801476,0.04401777021586895,-0.0313297327006585,-0.02701836046318224,0.05327393778608845,-0.019141687266310378,-0.03899999999999999
1977-11-01,0.06825183782528005,-0.06752716048989289,0.06846924102589619,0.027428421156308426,-0.024514945453834196,0.028302463867050695,0.04519999999999999
1977-12-01,0.004006785907081722,-0.004118183606121804,0.003973366597369698,0.0165534478352368,-0.00890977978711021,0.01884654824967478,0.0076
1978-01-01,-0.053545140321121405,0.043678725690115244,-0.05650506471042325,-0.04424516024954641,0.04837366900326069,-0.04300660762343213,-0.055
1978-02-01,-0.0007279704962121812,0.0008112751867156476,-0.0007029790890611414,-0.022559305474592735,-0.017029740345279057,-0.034436019220554275,-0.0093
1978-03-01,0.055432554750524936,-0.055247860472708785,0.05548796303386979,0.008710266756692025,-0.028928819401001445,0.002644700963399199,0.033800000000000004
1978-04-01,0.07530002536950633,-0.08927561642136425,0.07110734805394897,0.08991116092667656,-0.09617564552031888,0.08803181554858387,0.08410000000000001
1978-05-01,0.051236846239654105,-0.048747513766343495,0.051983645981647286,-0.0008729168848366608,-0.03416506509307524,-0.011384311478210231,0.0227
1978-06-01,-0.014237116785769008,-0.0029074396534832484,-0.019380483717544687,-0.01613510560238705,0.008738824764123519,-0.01835398985386611,-0.011499999999999998
1978-07-01,0.052765232087112965,-0.07078132738824934,0.04736040349677206,0.06854089733599454,-0.05452154464301292,0.07274670314388904,0.0568
1978-08-01,0.06674606643112686,-0.08256164683450032,0.06200139231011483,0.03206372424122741,-0.0652014147976572,0.02212241707429847,0.043500000000000004
1978-09-01,-0.01998111766927953,0.0015745888951416943,-0.02550307630152088,-0.01826203674243604,-0.007422386302967057,-0.025967363656056966,-0.008299999999999998
1978-10-01,-0.13384090862236916,0.2079595813108608,-0.11160530681582168,-0.07708186889505643,0.15473726132649698,-0.05378525116562428,-0.1123
1978-11-01,0.03973190526470937,-0.06208566415201252,0.03302577759851843,0.027485308024198928,-0.05544754381149491,0.019096637288010136,0.0342
1978-12-01,0.008529322696445813,-0.007582201389595866,0.008813459088500798,0.04100170376066956,-0.024166277575810892,0.046052331616127165,0.0166
1979-01-01,0.06846784046851098,-0.08319707538001239,0.06404906999506058,0.043861577372921214,-0.06419626760577912,0.03776117030306385,0.04989999999999999
1979-02-01,-0.03119526502357948,0.020350691751989815,-0.03444863700505638,-0.028172021374514494,0.019429734327077945,-0.030794707488745465,-0.0283
1979-03-01,0.06120128762119507,-0.12110531450604502,0.043230079555740084,0.04400290736703822,-0.0919460435790694,0.02961996650342887,0.0648
1979-04-01,0.010496876654215156,-0.007564161636400968,0.011376691159559414,0.018507558609568514,-0.0007258646391040966,0.02384206680070784,0.0073
1979-05-01,-0.007508803076537636,0.016014242327085468,-0.004957171301373288,-0.02444806158424686,0.009701321355688195,-0.02887208365281446,-0.0139
1979-06-01,0.034756580520479474,-0.06972855345787937,0.02426498863925951,0.053118142996794585,-0.07257035222006457,0.047282480229813593,0.0465
1979-07-01,0.02042127091321163,-0.027598114197608083,0.018268217927892696,-0.0061195125358062125,-0.028585123979342143,-0.016530903490350718,0.016
1979-08-01,0.08197828637417026,-0.050700612848323556,0.09136158843192427,0.05481410679146714,-0.04914164099635057,0.05651584653000212,0.0631
1979-09-01,0.0030687751550802353,-0.00891711254431338,0.0013142739383102922,0.015825224456019454,0.008620293309152684,0.023158879785571098,0.0
1979-10-01,-0.08200053276959807,0.0888688935758546,-0.0799400245277211,-0.06995815973713707,0.06793991026111236,-0.07056363457994448,-0.0723
1979-11-01,0.05426881969336192,-0.09697267133502539,0.04145766420086289,0.038661299632678704,-0.0787997741710882,0.02661975727115586,0.062200000000000005
1979-12-01,0.02346572052332281,-0.0490336039018038,0.015795355509778515,-0.002113444474765878,-0.034312979303214836,-0.013041371608160091,0.027299999999999998
1980-01-01,0.04909933735150844,-0.05565906783964053,0.04713141820506882,0.07333641607247038,-0.05392534979963167,0.07915973595432199,0.063
1980-02-01,-0.04444759068163959,0.018176638224924154,-0.05232887641865422,0.027177339383103585,0.01736546518807244,0.040540180754456395,-0.0034000000000000002
1980-03-01,-0.10132822299783584,0.13998642398102676,-0.08973076270287855,-0.10904146734414763,0.12373696820982244,-0.10463281708444519,-0.11680000000000001
1980-04-01,0.050843169684521856,-0.06454058517236262,0.04673394503816963,0.050603524507255235,-0.07084189729026641,0.04453201267235189,0.052199999999999996
1980-05-01,0.08383306044828603,-0.07832562915270322,0.08548528983696088,0.05124574435903688,-0.06418727387056637,0.04736328550557804,0.060700000000000004
1980-06-01,0.02151012845390198,-0.044838870016224296,0.014511505985205285,0.023933057638171745,-0.046217465218968024,0.017247735363932863,0.0358
1980-07-01,0.09017986359540373,-0.09795983427204191,0.08784587239241227,0.0560757248553576,-0.06317168661764665,0.053946936326670886,0.07039999999999999
1980-08-01,0.029858853163896127,-0.03187400797226777,0.029254306721384633,0.006695709775322497,-0.021645561286848913,0.0022107543218645737,0.0239
1980-09-01,0.03101555049340617,-0.025907288398836197,0.032548029121777164,0.01399585393700787,-0.014333330527896648,0.013894610959741236,0.0294
1980-10-01,-0.0030914140422828498,-0.007307596281170845,-0.006211117139318959,0.03763090723445122,-0.015073222705518668,0.04439821259313099,0.0199
1980-11-01,0.039298709256251396,-0.060337283211993054,0.0329871370695289,0.12898169039591428,-0.0616701974040323,0.1491751382934789,0.1056
1980-12-01,-0.017645977758557387,0.0320313464400626,-0.013330367154105826,-0.04758511602089495,0.016506519084518306,-0.056908695101807946,-0.0315
1981-01-01,-0.010338644757866859,0.007102085729129613,-0.011309612466488034,-0.045634965428191926,0.030177634717186076,-0.05027216464149368,-0.0402
1981-02-01,0.03717429322411412,-0.012069732301475743,0.04470566150090564,-0.0006606155863275336,-0.002457321308233601,-0.001595996654695874,0.016800000000000002
1981-03-01,0.07555472689978394,-0.08830222885875146,0.0717304763120937,0.0021324652851914174,-0.07464759785450387,-0.01962207448560232,0.0487
1981-04-01,0.02778458731598221,-0.010154252271167934,0.03307368782942649,0.00898068464037624,0.012573459760320925,0.015446927960585392,-0.0108
1981-05-01,0.02226058412178636,-0.02499299369286746,0.021440861250462028,-0.009225157727651399,-0.02786061614207748,-0.020350889888570062,0.012799999999999999
1981-06-01,-0.007395750073192176,0.021386462410446255,-0.003198536372015952,-0.0002671747737891925,0.026561344169089215,0.007621076044800814,-0.009899999999999996
1981-07-01,-0.0252759234723635,0.024500392533373088,-0.02550858275406063,0.004816928502947526,0.01259843269783715,0.01004153686318293,-0.0031000000000000003
1981-08-01,-0.049292180783613915,0.0781218957650408,-0.040643266289185846,-0.045396945858274466,0.07089460353055291,-0.037747648556590935,-0.0574
1981-09-01,-0.03381571733055408,0.07452241206065872,-0.021603708911522686,-0.044886393128370936,0.0745015548910721,-0.03600184459956059,-0.05960000000000001
1981-10-01,0.06527790195541457,-0.07878889380022884,0.06122460440197029,0.0340247394495001,-0.07704174018983286,0.021119639227400278,0.0613
1981-11-01,0.03564769546239998,-0.03225059525038887,0.03666682552600331,0.045194115142699984,-0.042608829367009216,0.045969700875407214,0.044700000000000004
1981-12-01,-0.01717062926689657,0.031382789389279325,-0.012906981230181745,-0.02491745804028904,0.04169762571106455,-0.01988340773905639,-0.0276
1982-01-01,-0.01580207287624944,0.049599970392882824,-0.005662703621259429,-0.01870298504445877,0.04182961941621791,-0.011764994732931026,-0.024300000000000002
1982-02-01,-0.00977184720698396,0.0550380858182235,0.0038080243763879,-0.029113565198627366,0.042627948040509824,-0.02505925034606263,-0.049400000000000006
1982-03-01,0.009151867137530424,0.01778072494683632,0.017231644762840448,-0.0081777256513749,0.02340985125561405,-0.003608087970103156,-0.008400000000000001
1982-04-01,0.05639697244041599,-0.034651266266591846,0.06292068429256323,0.03149325433497039,-0.03632219208755205,0.0300445730091959,0.0437
1982-05-01,-0.02035351698666963,0.03972635208396241,-0.014541666457481797,-0.009675172187920618,0.016239928027966873,-0.007705745435906742,-0.028700000000000003
1982-06-01,0.01167870602438772,0.029291462899694583,0.02396975670161241,-0.002007545967166254,-0.0011631694442857529,-0.0029587605906018564,-0.021200000000000004
1982-07-01,0.006291371742263436,0.03334481657948345,0.018182228238787502,-0.029423310386911473,0.05117065524826467,-0.022899106928505518,-0.0215
1982-08-01,0.10161502052060499,-0.11252508246612669,0.09834200193694848,0.12503556079720535,-0.1268877059776275,0.1244799172430787,0.1191
1982-09-01,0.04106232820248062,-0.022072589300496846,0.04675924987307575,0.008007695939453875,-0.014650246295319481,0.006014930832694193,0.0183
1982-10-01,0.13992926268372685,-0.12911950518377124,0.14317218993371353,0.11363333497447795,-0.15863345948522567,0.10013329762125364,0.1183
1982-11-01,0.07048681605018067,-0.08042821093203173,0.06750439758562536,0.03317221973722521,-0.08832870339413094,0.016625274640153488,0.053099999999999994
1982-12-01,0.01471217752424712,-0.00561459545095108,0.017441452146235933,0.023275726300740807,0.013465837460612655,0.03429819542914685,0.012300000000000002
1983-01-01,0.023912642074283213,-0.044958398849703374,0.017598915041657164,0.028669868363963975,-0.02110924052058193,0.030938056716978586,0.042800000000000005
1983-02-01,0.04321777222047776,-0.03848761164893707,0.044636820391939974,0.025853998366566086,-0.058838856355293026,0.015958540969948008,0.0321
1983-03-01,0.05109442572225817,-0.043238014505722705,0.05345134908721881,0.038927236952983266,-0.06308325522395658,0.03168043147169127,0.0344
1983-04-01,0.07319437933620065,-0.07301770390942693,0.07324738196423278,0.07454222694006553,-0.10309567130923354,0.06597619362931512,0.0736
1983-05-01,0.01640766961946895,-0.04261238508073515,0.008546254981089093,-0.003165921816979709,-0.01298128488918506,-0.00801008382882914,0.012
1983-06-01,0.04579437784897634,-0.027528801602679058,0.05127405072286552,0.024165338376677253,-0.029337503335264064,0.02261368888910121,0.037399999999999996
1983-07-01,-0.0360263335914351,0.022988462874200196,-0.03993769480660558,-0.032801873752988445,0.02965970594487466,-0.033744524095422584,-0.03319999999999999
1983-08-01,-0.027225565804377655,0.011192416902141351,-0.032035510475048545,0.0019441297322066505,0.03144682189725114,0.011961415221043988,0.0026
1983-09-01,0.018439403503170696,-0.027883170265829572,0.015606273474373036,-0.0003806708738571194,-0.014405215419784408,-0.004816436761949577,0.0167
1983-10-01,-0.011234317729249597,0.047242728777928275,-0.0004317944146459956,0.011343169574018661,0.02057204638045207,0.02091773436035988,-0.026700000000000005
1983-11-01,0.025685429525542623,-0.053520023848654494,0.017335051228609066,0.01730910026923973,-0.031072431549962462,0.013180100885022911,0.0286
1983-12-01,-0.025642376756295562,0.013228164089257954,-0.029366640556406844,-0.011969643077740379,0.020468001455170786,-0.009420135564511257,-0.0104
1984-01-01,-0.022525352137163283,0.017675088099204005,-0.023980431348551066,-0.0036473581387651477,0.012081612010549385,-0.0011170819772298767,-0.0116
1984-02-01,-0.04469696881763715,0.07211643699865446,-0.03647112836333195,-0.037190002809789374,0.07492003233779528,-0.025870993951387602,-0.040499999999999994
1984-03-01,0.011309254173283989,-0.0037268413376902267,0.013583978023962117,0.012514788788375116,0.001499090221626946,0.016718952491375734,0.0138
1984-04-01,-0.011473583268234507,0.012445682641118765,-0.011181953456369229,0.025179466558779336,0.008699433633636098,0.03534313661650397,0.003000000000000001
1984-05-01,-0.018040725514868794,0.05373995793945711,-0.007330955787492301,-0.04593538434143028,0.05928867047330238,-0.04192939850186865,-0.052000000000000005
1984-06-01,0.031080761171802126,-0.0396160082506564,0.028520187048145847,0.0265061207573817,-0.03548546219843595,0.023812318325065425,0.0256
1984-07-01,-0.014245712338015437,0.05383023762376979,-0.0023703547522891354,-0.028116478879757274,0.04068869500315454,-0.024344814042738097,-0.019000000000000003
1984-08-01,0.10940938163548708,-0.12913997479093572,0.1034902036888525,0.10211107511783832,-0.12070248095611885,0.09653365336635417,0.111
1984-09-01,-0.0015541839931813098,-0.0038173730792279573,-0.00316565111490409,-0.00014635069116856979,0.003651219977126201,0.0009051100946187195,0.0005999999999999998
1984-10-01,-0.000838835847680457,0.0015811391244642437,-0.0006161448646453212,-0.011108793728200242,0.0032119540522755237,-0.013477845630977658,0.0016000000000000007
1984-11-01,0.0035077864019086168,0.03821605524717597,0.016024938896633995,-0.00592489910654659,0.022431416231447655,-0.000972943969076271,-0.0104
1984-12-01,0.026287712307142403,-0.015410455904821766,0.029550889227838592,0.032816473752685545,-0.014757898632768196,0.038234046288660756,0.0248
1985-01-01,0.11126663985894993,-0.11408550372347236,0.11042098069959319,0.07832940779955855,-0.10540333397227451,0.07020722994774375,0.0862
1985-02-01,0.03601226376602426,-0.010657577340961578,0.04361866969354307,0.02823712967158728,-0.01029621020010074,0.03361940551303324,0.018
1985-03-01,0.004421427425566233,0.015661309447482622,0.010446248487480889,0.021442877704259594,0.011995764177470713,0.031474470268778684,-0.0021999999999999997
1985-04-01,-0.0011985836876556278,0.009440334104001523,0.0012739414372481403,0.004663585945915257,-0.0032820483969819947,0.005078047210595236,-0.0023999999999999994
1985-05-01,0.06608077670490294,-0.048853591787675864,0.07124893218007107,0.0677131940855916,-0.0605556935138508,0.06986044425711384,0.057300000000000004
1985-06-01,0.03917630096618792,-0.02694654567815248,0.04284522755259855,0.02633722532795442,-0.028795971400318515,0.02559960150624519,0.0182
1985-07-01,0.0056370503443758935,-0.009641298791393638,0.0044357758102705706,-0.011212440424999658,0.020179337018494954,-0.008522371446951069,-0.001
1985-08-01,-0.009972695151880158,0.013317069567909295,-0.008969382827071416,0.005113523354185357,0.013479720419298857,0.010691496486230622,-0.004599999999999999
1985-09-01,-0.021886130953303624,0.052925504267914224,-0.012574318958920448,-0.011145691791372356,0.0459736630648597,-0.0006973004093261525,-0.039
1985-10-01,0.057410230389796195,-0.04098217694088817,0.06233864642446861,0.04639385921988695,-0.06060531311952921,0.04213042304999428,0.0465
1985-11-01,0.07592496100308684,-0.07092521911683052,0.07742488356896374,0.06438898736738455,-0.07866712103750834,0.06010554726634741,0.0707
1985-12-01,0.04284232989639828,-0.023745697088294767,0.04857131973882934,0.03068144284652312,-0.02507906951480696,0.032362154846037966,0.0453
1986-01-01,0.020606267335824668,-0.009974828741433158,0.023795698914142124,0.004339321300298907,-0.019400032066297375,-0.0001788919295006323,0.012100000000000001
1986-02-01,0.07535934047834751,-0.083474755265788,0.07292471604211537,0.08001793419229075,-0.09229223873286763,0.07633564283011769,0.07669999999999999
1986-03-01,0.0582224145992515,-0.07250521279881166,0.053937575139383465,0.06411676455101717,-0.06918214794156687,0.06259714953385226,0.0551
1986-04-01,0.012997917823959142,0.024145468794740735,0.024140933809569106,0.006747789366325867,0.029640188859850033,0.017664182834178636,-0.007600000000000001
1986-05-01,0.07862590767920843,-0.044429904689119816,0.08888470857623502,0.07438831396347124,-0.0607773095552032,0.07847161528595166,0.0512
1986-06-01,0.02259937621600273,-0.016744582466344582,0.024355814340900176,0.01885749942452276,-0.03666572757073214,0.013515030980659948,0.0158
1986-07-01,-0.078769776429981,0.0772283732611686,-0.07923219738062472,-0.06344316765267906,0.03945765809830832,-0.07063882051899029,-0.0591
1986-08-01,0.05555502054388247,-0.06768065220967401,0.05191733104414502,0.05534117812658893,-0.08560915951685569,0.0462607837095089,0.0653
1986-09-01,-0.08384473570132334,0.053494429255002425,-0.09294982763521961,-0.0966494703865611,0.0923075834763783,-0.09795203645961595,-0.0814
1986-10-01,0.061903965696692466,-0.0523422384634614,0.06477248386666179,0.0672761953282098,-0.05056236077669912,0.07229034569366301,0.051
1986-11-01,0.024118568247407286,0.005479943500495679,0.03299812177177818,0.026062193760832367,-0.010869457107922817,0.03062001475670523,0.0155
1986-12-01,-0.028810436791821343,0.028282254929460276,-0.028968891350529664,-0.026741257561995396,0.01977302755824956,-0.02883172656311915,-0.027699999999999995
1987-01-01,0.14494057511910796,-0.11367977647809312,0.1543188147114124,0.16689948799562768,-0.11912396126448593,0.1812321460149702,0.1286
1987-02-01,0.07008566929909744,-0.06375864604760477,0.07198377627454525,0.06305546479009429,-0.03976729150690659,0.0700419167750506,0.048
1987-03-01,0.01964859015087744,-0.01570930986173942,0.020830374237618847,0.03970871365407044,-0.007776753178668426,0.04928830179669105,0.020999999999999998
1987-04-01,-0.02265460801310837,0.034872073375154286,-0.018989368404494597,-0.011202302352265207,0.014692691679106583,-0.010155185554212796,-0.016499999999999997
1987-05-01,0.018249332599975552,-0.011657510706364909,0.020226879168058747,0.021108063328342103,-0.01571505501538843,0.022725965822228206,0.0049
1987-06-01,0.04544169936222412,-0.027713614331429548,0.050760124871462496,0.04451164909924143,-0.03234351998189161,0.04816208783444638,0.0439
1987-07-01,0.054650443189311775,-0.04848250823793933,0.05650082367472351,0.06594611723521097,-0.07092205261150715,0.06445333662232212,0.043
1987-08-01,0.034303572685530526,-0.02188262939453125,0.03802985567283031,0.03265776799615304,-0.013465644644191579,0.03841540500174148,0.039900000000000005
1987-09-01,-0.03077406804275481,0.02289580250605165,-0.03313754770376576,-0.02160579748096049,0.022496447663438692,-0.021338602426217032,-0.0213
1987-10-01,-0.25642009153962136,0.2984501313790679,-0.24381107958778742,-0.2216243807553624,0.2590709671056644,-0.21039040485027183,-0.22590000000000002
1987-11-01,-0.06668847791140073,0.04236162700490045,-0.07398653318335083,-0.08056516207235129,0.05666937648681564,-0.08773389774801199,-0.0741
1987-12-01,0.1260430650281891,-0.09920609113760293,0.13409415719536497,0.11379691594026146,-0.09223082094826038,0.12026674443786178,0.0721
1988-01-01,0.03240606603445485,-0.04473194436170161,0.02870830253628083,0.05654200249840663,-0.06371969709184042,0.0543886941203765,0.045
1988-02-01,0.08143209763614442,-0.06669924736080557,0.08585195271874609,0.05539043638026207,-0.045350516687007646,0.058402412288238406,0.05229999999999999
1988-03-01,-0.006784289381660831,-0.001114985369592129,-0.00915407180703672,-0.032872808019719056,0.02485550492484409,-0.03527799894818155,-0.018199999999999997
1988-04-01,-0.00011274622636847198,-0.004546984942862764,-0.0015106655771378427,0.007240465408352813,-0.007376067123315917,0.007199784893863881,0.0102
1988-05-01,-0.021615297709213336,0.008397337286828123,-0.0255806858359289,-0.013010992521757582,-0.008617000765680269,-0.01949939050798894,0.0024000000000000002
1988-06-01,0.06598956326041559,-0.07207236427110525,0.06416472295720871,0.047078752492771554,-0.05660795806402803,0.04421999082139462,0.052700000000000004
1988-07-01,-0.019304166643414646,0.002564677787013352,-0.024326013300335035,0.001884642463451961,-0.0012369702470057169,0.002078944128385834,-0.0074
1988-08-01,-0.02784293123788546,0.020064902169079604,-0.030176339958527216,-0.013987664576430432,0.029113973341133907,-0.00944977194701939,-0.0272
1988-09-01,0.052007915529732905,-0.04704321075300446,0.05349732696275144,0.05345817345211175,-0.04361430811407671,0.056411333053522264,0.039299999999999995
1988-10-01,-0.010117445056093856,0.0010715658328263088,-0.01283120882307412,0.0034994214949568532,-0.02185155020018384,-0.0020062171166112426,0.0177
1988-11-01,-0.02558724584194333,0.01654977038813332,-0.02829848847808633,-0.016905086928357342,0.002765874691532731,-0.021146850599404726,-0.017
1988-12-01,0.03934704020767557,-0.03341058724723065,0.04112797609580905,0.028491478300894664,-0.010377159575942709,0.033925773918380246,0.0211
1989-01-01,0.06239422121318057,-0.06738610535860062,0.060896655969554556,0.07282434275542221,-0.07669755503403025,0.07166237907183981,0.06609999999999999
1989-02-01,-0.010921083970413524,-0.002818446921883151,-0.015042943238102527,-0.019880540266710628,0.018420169379852247,-0.020318651532768142,-0.0162
1989-03-01,0.007584201477731418,-0.02066270715785118,0.0036606497736954915,0.012073349188535363,-0.009535490975114743,0.01283470665256155,0.022400000000000003
1989-04-01,0.05508709388319403,-0.03917991568800062,0.05985924734175205,0.05689384884851049,-0.042773123795398924,0.06113006636444396,0.050199999999999995
1989-05-01,0.03528449237652386,-0.05324974631351468,0.02989491619542662,0.032064393842163294,-0.048575633141679626,0.0271110220523084,0.0407
1989-06-01,-0.011065894455620737,0.004433474072108143,-0.013055620570674515,-0.021305800924001885,0.0018759133713930694,-0.027134767189784532,-0.0062000000000000015
1989-07-01,0.0715426714811474,-0.05547677597030997,0.07636244013439863,0.09363460129810876,-0.09730984886214301,0.09253202702889848,0.07880000000000001
1989-08-01,0.034156707378756014,-0.029522410611271612,0.03554699640900133,0.020825307943780253,-0.01511501171181437,0.02253839681337002,0.0217
1989-09-01,0.00505096019539786,0.017156029308512424,0.011713057046570946,0.01154247845339163,0.0028416123988854354,0.01585770570907475,-0.0010999999999999994
1989-10-01,-0.02574784108903259,0.06388049626490101,-0.014308044536272064,-0.005979069579203894,0.029732161563907986,0.001146858016207333,-0.029699999999999997
1989-11-01,0.014700711702365274,-0.0017612356423717184,0.01858255452036334,0.025534388580202964,-0.023210565422003095,0.026231535527662928,0.0173
1989-12-01,0.015404628811191524,0.007091064861386406,0.022153336912964904,0.01059823154803906,-0.004662564185783922,0.012378931756715601,0.0179
1990-01-01,-0.08581339183263481,0.10085474303457886,-0.0813009864720516,-0.06615498189233576,0.0807254828846293,-0.0617838315946477,-0.0723
1990-02-01,0.02295271940965904,-0.008400497391889562,0.02731838601498988,-0.0005068047228729798,-0.004495972975957686,-0.00200763803252218,0.0168
1990-03-01,0.036665026764577426,-0.013463698164064517,0.0436254253447313,0.027012693174149144,-0.023891139616144485,0.027949159241550545,0.0247
1990-04-01,-0.01743609587836545,0.03946099758148194,-0.010828625367430502,-0.00033244375707874895,0.03067653966014731,0.00877078501384182,-0.026699999999999998
1990-05-01,0.09095916363777236,-0.08711432854011271,0.09211261416707026,0.09813427381497634,-0.09357002654568457,0.09950354799576389,0.09119999999999999
1990-06-01,0.009579827528642981,0.011358263424051034,0.015861254814451185,0.018916270635468278,0.00880103825150358,0.027231463301559837,-0.0046
1990-07-01,-0.01074182769516483,0.055983757937792686,0.0028307513776235273,0.00036348713114059,0.04271625870740142,0.013287410882703193,-0.012199999999999999
1990-08-01,-0.12252234498381007,0.1254820622902542,-0.12163442979187683,-0.10140063028008593,0.1267008098807469,-0.09381057639988766,-0.0947
1990-09-01,-0.0820681315392839,0.09711778602961983,-0.07755323519218313,-0.061096849496974304,0.0884096978434924,-0.052902994993018884,-0.0551
1990-10-01,-0.024756782680051402,0.0430706452135928,-0.019262623919988987,-0.004639261033362863,0.03614551203899584,0.004812614268327028,-0.012299999999999998
1990-11-01,0.10191643225916028,-0.10650666390207221,0.1005393627662867,0.10586847044497844,-0.06867413638167065,0.11702677066397077,0.0692
1990-12-01,0.0683412120542734,-0.03822765327730821,0.07737527968736296,0.049346324337277286,-0.03129571256861757,0.0547615078678752,0.0308
1991-01-01,0.07355071821948514,-0.06341345984721557,0.07659189573116601,0.06227240600202145,-0.051640767591003736,0.06546189752532676,0.05210000000000001
1991-02-01,0.09556428471857563,-0.09570171501438476,0.09552305562983289,0.09196546515928958,-0.07839073506453423,0.09603788418771618,0.0769
1991-03-01,0.04535474003530405,-0.04987660215089196,0.04399818140062768,0.042120018865773344,-0.023893794612758482,0.047587886141677804,0.0311
1991-04-01,-0.012902658089296892,-0.021962875090539454,-0.023362318043247798,-0.017120932645661346,-0.010833548442214787,-0.02550727697202419,0.0024000000000000002
1991-05-01,0.0438592090382978,-0.056260860211462996,0.04013871368634825,0.057844008385590125,-0.05882032831883953,0.0575511124056153,0.0413
1991-06-01,-0.04573457431504313,0.05076942446680029,-0.044224119269515985,-0.0374773694296702,0.053937346544182155,-0.03253937629531661,-0.045200000000000004
1991-07-01,0.05067993234610185,-0.04730634937994182,0.05169200723594986,0.061407740263418935,-0.031730494123425775,0.07031091410541689,0.0473
1991-08-01,0.03628467245835054,-0.023160760797812447,0.04022184595651197,0.02769692307177563,-0.015533096921376641,0.03134607091689533,0.0278
1991-09-01,-0.002918232406112733,-0.00659100287838986,-0.005771002991463511,-0.011373170808702981,0.009679927922967225,-0.011881143674423708,-0.011300000000000001
1991-10-01,0.011226669072639197,-0.023966015472542495,0.007404865152668208,0.027628576284470657,0.008772873873327706,0.038549011331810164,0.0171
1991-11-01,-0.035905344212854594,0.05849361968492823,-0.029128861571232505,-0.011370864305729086,0.057440227999597845,0.0024499448024315404,-0.0381
1991-12-01,0.14288644750640556,-0.12148621969268118,0.14930651585052288,0.15467739145854809,-0.12613403804598036,0.1632403974823184,0.11239999999999999
1992-01-01,0.002308786667417735,-0.011505306423641741,-0.00045016925944946695,-0.03795884847980885,0.014023858776559827,-0.04513934539078356,-0.0024999999999999996
1992-02-01,0.008264660822664454,-0.010854823070540264,0.007487612148301712,-0.0027104999950588815,-0.02716327160365208,-0.011672631474672169,0.0137
1992-03-01,-0.030419599535703962,0.02680123658259011,-0.03150510842163812,-0.04204549858951133,0.02080491440405792,-0.048417673845147356,-0.023200000000000002
1992-04-01,-0.013971943671349437,0.029323403389425948,-0.009366505755926485,-0.004614857544068487,-0.009703244553524237,-0.008910288173346305,0.0141
1992-05-01,0.0010482899120284452,-0.020795054016879908,-0.004875739319426994,0.004346538886154167,-0.007049412560627364,0.003535676783812209,0.0058000000000000005
1992-06-01,-0.041262815613534794,0.026837141409374717,-0.04559051787478282,-0.047042151287282424,0.004725444869049561,-0.059737163212752284,-0.0201
1992-07-01,0.04712409635540098,-0.04711088379845023,0.0471280601224862,0.05896237821906327,-0.02958907156585658,0.06777437021502528,0.0409
1992-08-01,-0.017910211518102764,0.025724621430536273,-0.015565888544372712,-0.0131020377876473,0.030253288472744534,-0.00795666258211813,-0.021199999999999997
1992-09-01,0.017230575034698964,-0.015065141420564032,0.017880205118939445,-0.004556039366760844,-0.032564973551616604,-0.01569234324227408,0.014499999999999999
1992-10-01,0.05418448182288557,-0.012814048971049487,0.06659561167843639,0.022476882977677002,0.001566746353942268,0.029689971777162785,0.0125
1992-11-01,0.06834472541351677,-0.06337935243209358,0.06983433730794374,0.04969950587946985,-0.06880027808106134,0.043969274218992396,0.0437
1992-12-01,0.007711448843504504,-0.03242211651400124,0.0002982485423554844,-0.015506739182311696,-0.03636872972184659,-0.031069379853559183,0.0181
1993-01-01,-0.0027754064515465872,-0.003134721780079417,-0.004548444921034388,-0.03139584371301518,-0.006195025381543065,-0.042673104441382656,0.011600000000000001
1993-02-01,-0.047974609067054225,0.0071220484087461955,-0.060230377264546636,-0.05841955330161556,0.010719668133933548,-0.07272951885192017,0.0034000000000000002
1993-03-01,0.028083230569423672,-0.0447196909618613,0.023092292451692385,0.02101165531012262,-0.05148964965962172,0.01186825700527289,0.025699999999999997
1993-04-01,-0.03977728705620393,0.02570361356018111,-0.04399938910501078,-0.049696240968208544,0.04494256971691518,-0.05112234234359655,-0.0281
1993-05-01,0.06141142578174671,-0.0459101982941655,0.06606179402802106,0.0403829702289551,-0.035245165781861654,0.04192431156308314,0.031100000000000003
1993-06-01,-0.014363568096840284,-0.005489430583915428,-0.020319467701066997,-0.02863876757648813,-0.011741966099623274,-0.040752987679321555,0.0055
1993-07-01,-0.020213221038866323,-0.009707233177614398,-0.02918935730381054,-0.059379853103478965,-0.01232615759171476,-0.08089165631203708,-0.0010000000000000005
1993-08-01,0.03935994143770605,-0.05328519138129195,0.03518236645463028,0.03666630435022374,-0.027457751741532536,0.039428870132831105,0.039700000000000006
1993-09-01,0.019159955096256454,0.005173345542719657,0.026459945287949285,-0.00011637414578098478,0.013480450060916662,0.0038928486287597183,0.0014
1993-10-01,0.02123542492801789,-0.017068898262223228,0.02248538292775629,0.036897308610769265,-0.021183912027014466,0.04161132758589571,0.0163
1993-11-01,-0.011215191006194801,0.026026559093506218,-0.006771780580001376,0.008570634442319765,0.005823773252625908,0.012888956750803466,-0.016100000000000003
1993-12-01,0.02836695574976579,-0.03628273933524421,0.02599222067412227,0.01495385364085522,-0.012027555569067032,0.015831743062391674,0.0188
1994-01-01,0.010259397670160979,-0.037925871657789684,0.001959455473872369,0.006519899018412918,-0.034953488969658116,-0.00201017796696064,0.0312
1994-02-01,0.0029379807327094736,0.035049987479218656,0.014334371196287912,-0.04068363221442252,0.041795537084876724,-0.04035006075328626,-0.023399999999999997
1994-03-01,-0.03740888032054087,0.07118046435674555,-0.02727740510967947,-0.04381273512157969,0.05924961903379519,-0.03918166994791504,-0.0452
1994-04-01,-0.01059940506471321,-0.005692760050296783,-0.015487054599216208,0.0023891704192788893,-0.00039029582275012446,0.002988832798237519,0.009500000000000001
1994-05-01,0.017269112430176863,0.008055043369192086,0.02486635916998755,0.03580590815494288,-0.009988982952980856,0.043550985715531496,0.009
1994-06-01,-0.040382816029402115,0.03174283105605961,-0.042974811521404865,-0.030633837289996517,0.04224051957061717,-0.027151832605810326,-0.0273
1994-07-01,0.02058779966086149,-0.038042770656757055,0.015351308362092824,0.03668748236991691,-0.042794373428956964,0.034855415052204894,0.031
1994-08-01,0.08203316092990416,-0.04636177294558347,0.09273457732520038,0.07655169739578548,-0.021663530509299877,0.09301814746173116,0.043899999999999995
1994-09-01,-0.0056577155613625535,0.021586031236864152,-0.0008792208587120737,-0.004717472025144671,0.046808271390949834,0.007909767784596879,-0.0191
1994-10-01,0.021343958936631678,-0.005885979387676344,0.025981352801318282,0.03675249364676534,-0.008066747331435455,0.04535821754136431,0.017300000000000003
1994-11-01,-0.030235763368367845,0.061547825141448756,-0.02084214483644357,-0.016049427735512347,0.05784248606453344,-0.0035115102368060216,-0.0366
1994-12-01,0.017808908438214015,-0.004984148409168579,0.021656336446927646,0.002460989625981825,-0.03585893861751194,-0.007558395071477209,0.013000000000000001
1995-01-01,0.002614679888356477,-0.007111702570691705,0.0012655730836559085,0.038515129999757924,-0.016056857572688623,0.04525261172787872,0.0222
1995-02-01,0.03284654782328289,-0.051466762151297495,0.027260483524878514,0.007745664117749229,-0.05296861229298473,-0.005821220334821419,0.0403
1995-03-01,0.04302941672765257,-0.02516428915734746,0.048388954998744106,0.03712171199429443,-0.008787529839382562,0.045621966640767994,0.0265
1995-04-01,-0.002413284587673843,-0.007715403065085411,-0.005451890883501619,0.020313073866691428,-0.03189683129087875,0.016837946639435233,0.0255
1995-05-01,0.02656544828641927,-0.024615582320583765,0.027150408076169922,0.03975987911217577,-0.03008502522794143,0.04266233527744607,0.0344
1995-06-01,0.06838385386539525,-0.04368423135019839,0.07579374061995431,0.05390331781869021,-0.035360151933576736,0.05946626758422426,0.0319
1995-07-01,0.06553502988885157,-0.05229399779811501,0.06950733951607253,0.03806444934704512,-0.03304073206660844,0.03957156453117613,0.0416
1995-08-01,0.00889791499310154,-0.019022373788175173,0.005860577354579451,0.007906309633003832,-0.022831503679475746,0.003428751419062258,0.0102
1995-09-01,0.04224613720200687,-0.03276372433054386,0.04509086106344578,0.05259836333970712,-0.04360372358202715,0.05529675526701111,0.037899999999999996
1995-10-01,-0.008571846773847938,0.038237406928092244,0.0003278212724253521,0.008776722432372866,0.02643888851774394,0.01934140571740791,-0.010400000000000001
1995-11-01,0.050657154628424905,-0.038090088586614,0.054427274440968176,0.02974196180761336,-0.04130933658129782,0.026271749375508024,0.0438
1995-12-01,0.0057771196055303635,-0.012247859921894576,0.0038358975106211005,0.017690434169688345,-0.028485570949464765,0.01445189313575542,0.0153
1996-01-01,0.002111484589986503,-0.022573285673279316,-0.00402705573500134,0.02823307367916223,-0.05554832770402992,0.020038497471701923,0.0269
1996-02-01,0.03934723473840246,-0.016733732671127655,0.0461312853585849,0.03622196683203442,-7.883096547989696e-05,0.04706490759200078,0.0172
1996-03-01,0.0039572397217852995,-0.030890876243281507,-0.004122851234663562,-0.0025420567225849,-0.02909496381788709,-0.012033162884726497,0.011300000000000001
1996-04-01,0.04273931936477311,-0.033703240419272334,0.04545014304842335,0.018531659051378227,-0.013248700982798392,0.020116546471952178,0.025099999999999997
1996-05-01,0.021815229831686753,-0.031566287215076844,0.018889912616669724,0.04877889292135189,-0.02506432380944292,0.05589326365492457,0.0278
1996-06-01,-0.02300549165058806,0.009087087142243221,-0.02718101300309151,0.014042079887398933,0.010544177121167963,0.021417956989969004,-0.007299999999999999
1996-07-01,-0.05422574439318851,0.07947786940727383,-0.046650106888962914,-0.02217919758852362,0.059139175420076476,-0.011091204239057767,-0.055099999999999996
1996-08-01,0.04957216306393867,-0.05358818543460617,0.04836735635273842,0.015502874036653154,-0.03176644773330423,0.010623801927657831,0.031799999999999995
1996-09-01,0.059675387367205596,-0.04493807405030922,0.0640965813622745,0.06368262422133006,-0.04493749086853371,0.06930616422716897,0.0545
1996-10-01,-0.01192269815132022,0.019103009761311115,-0.00976860466832295,0.008634920844507133,-0.015083863168036405,0.006700238147448353,0.012899999999999998
1996-11-01,0.03994979979324853,-0.04487099288704081,0.03847344186511085,0.07106459478126868,-0.054201112072066925,0.07612363959402922,0.06659999999999999
1996-12-01,-0.002663489379819923,0.0031324661185228547,-0.002522796358209044,-0.007289098273080518,0.015537204889144514,-0.004814666288261321,-0.012400000000000001
1997-01-01,0.040581672345288096,-0.0300973676587455,0.043726963751250875,0.08291393711022975,-0.03793884260322803,0.09640646546233027,0.0542
1997-02-01,-0.0027218045505257894,0.014874115116904153,0.0009238886193877194,0.016715858673545,-0.0013407266851460957,0.021328398270064674,-0.0008999999999999993
1997-03-01,-0.04915945782947043,0.05534017840350267,-0.04730524165726076,-0.07453250140000224,0.057635470357634784,-0.07960161071271248,-0.045899999999999996
1997-04-01,0.038340062064817174,-0.016381440700497477,0.04492764847411308,0.12183611959344193,-0.05091247151731813,0.14311321401627908,0.0447
1997-05-01,0.08634459043754951,-0.08952321641845629,0.08539100264327748,0.07092126515519427,-0.07310990987270442,0.07026467173994122,0.0722
1997-06-01,0.035638864670601705,-0.039697505655064386,0.0344212723752629,0.0337039145488302,-0.04351076689801269,0.03076185884407545,0.0447
1997-07-01,0.09288026135822293,-0.06199105490930378,0.10214702329289868,0.08078268570492668,-0.08533534750307395,0.07941688716548251,0.0774
1997-08-01,-0.023746844990758593,0.010807030705240622,-0.027628789276413986,-0.04875113087293732,0.03918069873729131,-0.05162226051363113,-0.0368
1997-09-01,0.04705847833763748,-0.07760494948873661,0.03789453699230774,0.03571488049767282,-0.09343094410390636,0.01840006141580276,0.0578
1997-10-01,-0.0325278738187626,0.05052667637472041,-0.027128233051975256,-0.03825136554011185,0.03243888328560677,-0.039995110216463375,-0.0339
1997-11-01,0.02768117518662804,-0.016672427878685055,0.03098379937901094,0.053022082129540196,-0.039483832278037485,0.05708355708499101,0.033800000000000004
1997-12-01,0.015136467023842911,-0.021108795742556037,0.013344768408228975,-0.0022465209757904165,-0.03147224310733545,-0.012362150200728176,0.0184
1998-01-01,-0.0026232364028692247,0.026314247546251862,0.004484066940145566,0.023890946904441247,0.014923731778614911,0.0355353505093581,0.0057
1998-02-01,0.09436044539504963,-0.09654822953105453,0.09370411015424816,0.08849915674345142,-0.09029421986534637,0.08796063780688294,0.0743
1998-03-01,0.03931077460170184,-0.06379506741947633,0.031965486756369496,0.049679237907747996,-0.05989317937236275,0.04661505546836357,0.0515
1998-04-01,-0.0002752260910347104,0.007969705758150668,0.002033117809100077,-0.013530027572953619,0.016806828804919682,-0.0125469872033638,0.0117
1998-05-01,-0.021965860871508387,0.04829378502576479,-0.014067483625231466,-0.005130580811807964,0.029653219355228855,0.002226210751218303,-0.0265
1998-06-01,0.039929394114560916,-0.007696192520518746,0.04959935459277357,0.1003519649509443,-0.021111717408542428,0.12412403921366486,0.036199999999999996
1998-07-01,-0.040666056470945476,0.06377043232321739,-0.0337347437152639,-0.0016832999996292738,0.024049124131323873,0.005026447239879106,-0.0202
1998-08-01,-0.1788354581509976,0.22185415210888573,-0.1659298499636312,-0.14238043877054943,0.21135184462682247,-0.12168901701366752,-0.1562
1998-09-01,0.0924771761122732,-0.04839080717924628,0.10570308679218128,0.1062243925980813,-0.015498449859943591,0.13344217541952264,0.0665
1998-10-01,0.05823431313154288,-0.08059751410037279,0.0515253528408939,0.055301810850443965,-0.12514855057148996,0.03434778893413017,0.073
1998-11-01,0.08497819278953954,-0.04850297091693489,0.09592075935132094,0.09074174548093508,-0.0701471886814908,0.09692011252076838,0.06380000000000001
1998-12-01,0.08870256592005414,-0.056763273786848666,0.09828435356001579,0.07970975460745544,-0.02358530620829155,0.09654708912720461,0.06530000000000001
1999-01-01,0.035219081311952324,-0.011479649990797043,0.04234091070829891,0.07631663968955026,-0.03645842682602349,0.08827410354860829,0.0382
1999-02-01,-0.04044229559796421,0.03703565261341592,-0.0414642884933287,-0.06646276294670905,0.02186046632308103,-0.07984345193379747,-0.0373
1999-03-01,0.01805269866290086,-0.04835246998724566,0.008962767265597422,0.07884799389617236,-0.05168479088962918,0.08699695479813532,0.039099999999999996
1999-04-01,0.053137794419308194,-0.0950108192441985,0.0405758869718411,-0.028212306230078858,-0.05855380028775309,-0.054242138185428446,0.0471
1999-05-01,0.011473262779965845,-0.006349525781843113,0.013010383879402666,-0.01262831060437348,0.03419354919918062,-0.0061587390259313386,-0.0212
1999-06-01,0.07402925401657205,-0.04913422641354603,0.08149776229747986,0.08194886800598514,-0.04724035364654729,0.0923614223138165,0.051699999999999996
1999-07-01,-0.009078679101075977,0.025847001149086283,-0.004048182486672885,-0.050240208695190615,0.05170188388592477,-0.049801706137970365,-0.0311
1999-08-01,-0.03151066000767363,0.03507805968830852,-0.030440440103483166,0.026847411943176473,0.03441313623176418,0.045225576395658676,-0.0098
1999-09-01,0.0032330947046346485,0.012646946540411116,0.007997107078148378,-0.007725379523178488,0.013154077928486522,-0.006096770001586077,-0.023799999999999998
1999-10-01,0.06254592769662849,-0.06103636428131722,0.06299879672122188,0.042110413966389,-0.08909158948047002,0.0280160613121647,0.0648
1999-11-01,0.03983057955823218,-0.04024293975855567,0.03970687149813514,0.0317610788309493,0.016198305502366325,0.04614889413094399,0.0377
1999-12-01,0.07625048901846117,-0.09658676826505251,0.07014960524448377,0.13857390592361266,-0.028099732550452686,0.17171615793556066,0.081
2000-01-01,-0.08091036488476674,0.03547783724265173,-0.09454012317740125,-0.08792041143614479,0.029217217969805545,-0.10553136947604658,-0.043300000000000005
2000-02-01,0.08214426134266735,-0.10567724372407324,0.0750843666282456,0.005428762155573219,-0.07835639646770619,-0.016449528138066667,0.0288
2000-03-01,0.0725231227898089,-0.008822351380178098,0.09163335421269814,0.1006879888852557,0.029705991372757264,0.1398061829626596,0.0568
2000-04-01,-0.036171297952532766,0.11902999114245176,-0.011313689995557069,-0.1127333335528591,0.05636525423984059,-0.12964375734676467,-0.0589
2000-05-01,-0.027324389974618245,0.07467640283402432,-0.013118786116796424,-0.03141089563074425,0.04801760405863224,-0.02642888310237785,-0.0389
2000-06-01,0.0776673078071326,-0.07813087509841554,0.07752823761974773,0.13730160492680815,-0.030017166679354466,0.16948693640104426,0.0508
2000-07-01,-0.030249509204295463,0.06496742779621854,-0.01983413362671854,-0.08919389016143346,0.029540714089745627,-0.1070898429829398,-0.02
2000-08-01,0.10752308593670788,-0.14984224328869267,0.09482733873111246,0.06465777685749209,-0.17246496760019817,0.03231561963468027,0.0753
2000-09-01,-0.023737208621848065,0.05361229989490391,-0.014774681239931312,-0.0533291695647213,0.03017963490028036,-0.060274029964053594,-0.049300000000000004
2000-10-01,0.0015409870562143623,0.05484476593555883,0.018456712953746318,-0.03441457165762835,0.07680572056541062,-0.021697226985293677,-0.022199999999999998
2000-11-01,-0.12211043928308707,0.19724108141748922,-0.09957124664276644,-0.1368251158721194,0.1910828182448512,-0.12054780516029988,-0.10189999999999999
2000-12-01,0.025450278223762588,-0.09025333213376933,0.006009362050760567,0.047969754653050554,-0.11369874346754194,0.028251058008703138,0.0168
2001-01-01,0.06568052302813157,-0.06937682804185898,0.06457163152401335,-0.0016269018806597463,-0.03442182955824435,-0.012441521312330974,0.0379
2001-02-01,-0.08745560628165933,0.14748491882470416,-0.06944681251874588,-0.10637847157207815,0.11635960987958212,-0.10338413007982696,-0.0965
2001-03-01,-0.08838661995373275,0.10359165396421104,-0.08382510975058927,-0.06149834360714659,0.06854984217296975,-0.059382894037399644,-0.0683
2001-04-01,0.11573119651759044,-0.1325772014586255,0.11067739503527992,0.059696697147624156,-0.08959156934666376,0.05072823548791228,0.0833
2001-05-01,0.014507128787583349,0.0282940283602026,0.027347475931919135,-0.006412912873245411,0.018016374868546195,-0.0029318742746551755,0.01
2001-06-01,0.03107332906320023,0.025337135589491296,0.04799646845900769,0.005072817632560532,0.016058633317637384,0.011412252917619908,-0.0166
2001-07-01,-0.04108491244027391,0.05206239604158327,-0.037791667359881105,-0.006860035078159959,0.01908982343372724,-0.0031910985714897746,-0.0183
2001-08-01,-0.04824853339680256,0.06463408147512541,-0.043332868973305703,-0.07367948294205283,0.07444149651102207,-0.07345087887136206,-0.0609
2001-09-01,-0.148162730001541,0.1430476424980095,-0.14969725625260047,-0.041370825109083666,0.1058517474236275,-0.022026548414720515,-0.0896
2001-10-01,0.08871935613453388,-0.06955685911583714,0.0944681052401429,0.04338606474796092,-0.026752407232575187,0.04837616200257664,0.027
2001-11-01,0.10712719036382623,-0.09413850629077244,0.11102379558574238,0.056477314254644084,-0.08651839914028041,0.04746498878895318,0.07700000000000001
2001-12-01,0.035417484244438434,-0.024060626348302243,0.03882454161327929,-0.019734353438542098,-0.003997263227886223,-0.026853838438470595,0.0176
2002-01-01,0.010526432038168422,0.07119645596947521,0.035043298440461515,0.04332005013125222,0.04064374448214471,0.06850918851527131,-0.013
2002-02-01,-0.02639691019308214,0.056225004363308004,-0.017448481942014385,-0.02304114284675004,0.05931656777724476,-0.012158515367601624,-0.0215
2002-03-01,0.04212568332805749,-0.08004867187091372,0.030748786765200625,0.0006366068551161623,-0.08378214103594613,-0.024307053399132826,0.0437
2002-04-01,-0.027401621039025485,0.034611783537548034,-0.02523857228946872,-0.04862258380781651,0.029466168508091792,-0.05436950839773393,-0.0506
2002-05-01,-0.027017752566423855,0.04476253993466104,-0.0216943163559527,-0.023310521280421423,0.01756462496659446,-0.025034290174569512,-0.0122
2002-06-01,-0.07940719780542524,0.11186536381457379,-0.06966974800268066,-0.05647797800592064,0.07641239536199763,-0.05049765279909754,-0.07100000000000001
2002-07-01,-0.0776072961743921,0.11209474388044327,-0.06726106186257674,-0.036016343831540634,0.08239426766796068,-0.022102966680614622,-0.0804
2002-08-01,0.001971043151570484,0.004548284888477321,0.003926841563584826,0.015462409425655492,-0.0013484584838940096,0.019696594708183936,0.0064
2002-09-01,-0.08299574404372834,0.1415145080280746,-0.06544011484842446,-0.09468412326451263,0.1447491871974257,-0.07966460408463871,-0.102
2002-10-01,0.07085623916820623,-0.059653510951902716,0.07421705763309729,0.0919339011151572,-0.05979027626321186,0.10157698857074081,0.0798
2002-11-01,0.05356855587585111,-0.09850032330787444,0.040089025646244114,0.013769151731640498,-0.07691926464527718,-0.005175882142450506,0.0608
2002-12-01,-0.044806360918027095,0.06003358801503459,-0.04023819278892485,-0.03305088579092572,0.06796872344973837,-0.02257553449328193,-0.0565
2003-01-01,-0.03063517335103825,0.0298390933976043,-0.030873997337068436,-0.02524387851782695,0.02721871240298151,-0.024651428352280583,-0.024699999999999996
2003-02-01,-0.03765695506323633,0.022006855457877145,-0.04235198494484409,-0.01908581740682581,-0.0017381788776263726,-0.02533301629216147,-0.017899999999999996
2003-03-01,0.029256269755454634,-0.01689492970699971,0.032964671769991113,0.027382904562702044,-0.025383992107086736,0.027982578299386635,0.0119
2003-04-01,0.08609844042162877,-0.11019624829175882,0.07886909806058977,0.03407866393294858,-0.12497006030132489,0.006811245022435693,0.0828
2003-05-01,0.06959663721143591,-0.11005042508622864,0.057460500848998106,0.04601765190255832,-0.04200995182663989,0.04721996192533385,0.061399999999999996
2003-06-01,0.022495437624681855,-0.005560895973344379,0.027575800120083097,0.03925512080532303,0.00675384053644244,0.05305780920785267,0.015199999999999998
2003-07-01,0.04279593697981909,-0.025701075196266174,0.04792439551488496,-0.0008369484445841854,-0.009790113716217947,-0.004025067092824825,0.024
2003-08-01,0.04358108498248233,-0.053372177377183874,0.04064375726407187,-0.014106710920627333,-0.033820670818198784,-0.02848492544227517,0.024
2003-09-01,-0.018249972474663274,-0.0007809212971943513,-0.023959240606220563,0.0016234652694957182,-0.009647862402788343,-0.0007838538704920688,-0.0116
2003-10-01,0.06385476016439498,-0.09085058802040294,0.0557560118075926,0.0485722034102589,-0.038000279646912265,0.05174378053926289,0.0615
2003-11-01,0.02611618871831487,-0.034668955201830366,0.023550358773260224,0.020196715158004627,-0.009426766321651951,0.02342769980891043,0.0142
2003-12-01,0.014919649882061521,-0.0342986972904519,0.009105935659544406,0.03225696271319906,-0.05950580668045974,0.024082309523020862,0.0437
2004-01-01,0.020015196679159998,-0.04143699303822359,0.013588657771440924,0.0210125220065356,-0.04508610344770316,0.013790447574185332,0.022199999999999998
2004-02-01,0.034879809627151794,-0.039497721965060816,0.03349443592577909,0.023243987743277624,-0.009611209330717222,0.027333821267045744,0.014599999999999998
2004-03-01,0.005832099410901337,0.006792323539100055,0.009619426295901755,-0.019572777158215385,0.024866543824283795,-0.017984647158394863,-0.0123
2004-04-01,-0.010734381454240065,0.03708790877601132,-0.00282832325770869,0.021614749431640067,0.04089467372938349,0.04036757637994713,-0.017400000000000002
2004-05-01,0.013535276916571798,0.0016765792041345169,0.018098833752783695,-0.0001427516279826085,-0.011568769520384397,-0.00365620797249271,0.0124
2004-06-01,0.025308349280326506,-0.027576285854397562,0.02462796830810519,0.0338537978783294,-0.03907753263422193,0.03228667745156164,0.0194
2004-07-01,-0.05174711057974491,0.046369497957639394,-0.053360394366376566,-0.04080662952016531,0.016974107685320497,-0.04795638607061876,-0.0394
2004-08-01,0.003940544254146516,-0.013872958011037103,0.0009608201270793404,0.0021523376485240798,-0.009556242897709179,-6.883392623144996e-05,0.0019000000000000002
2004-09-01,0.02133205458709989,-0.037271260544321665,0.016550292799933357,-0.011484286070740916,-0.015949277348609986,-0.019714355096546187,0.0171
2004-10-01,0.026037189166527242,-0.005066033011244145,0.032328536013112176,0.019833238521586024,-0.019298003190320077,0.019993809120965808,0.0153
2004-11-01,0.07348182814656662,-0.06877266013629965,0.0748945785496467,0.07244302467184832,-0.039533393028076215,0.08231591416497995,0.0468
2004-12-01,0.049497662160227225,-0.06658159027450737,0.044372483725943185,0.040405661318074694,-0.05742792775614595,0.03529898138665332,0.035699999999999996
2005-01-01,-0.016620567766949534,0.026090916683606337,-0.013779463091952495,-0.010443817411164595,0.013656442375759473,-0.009480029921786131,-0.0259
2005-02-01,0.02023315328514184,-0.028848373504552376,0.01764858721931868,0.008403691119951167,0.005782443868198774,0.01265953161639615,0.020399999999999998
2005-03-01,-0.007463923773078325,0.028623698291779364,-0.0011159914174680135,-0.009720965394406868,0.020698422898222196,-0.006427728143262271,-0.017199999999999997
2005-04-01,-0.023468355886870997,0.025205895280232652,-0.0229470940688625,-0.0007356147488839854,-0.0006894427106515103,-0.0011631319867446341,-0.0239
2005-05-01,0.05264964800798478,-0.049446152348837036,0.0536106967057291,0.036804687149705,-0.021555643071336606,0.041379400373215525,0.0389
2005-06-01,0.015076035269297367,-0.03663085966611341,0.008609587950252556,-0.004584801941140738,-0.0031143502287273197,-0.0068945475921011554,0.0081
2005-07-01,0.04532170955557376,-0.048263302858686075,0.044439231564640067,0.03374832934817823,-0.021084298209000447,0.03754753868993157,0.0416
2005-08-01,-0.01713022378948042,0.013613042483410361,-0.018185378181301438,-0.0046789178324236754,0.026840179417864218,0.0019694606432084866,-0.009000000000000001
2005-09-01,0.0039029761504743394,0.002539399060775939,0.0058356887138494235,-0.006086974960454333,-0.0027883468945284,-0.008749571516949153,0.007699999999999999
2005-10-01,-0.025099962016101925,0.05088418917031959,-0.017364693869836627,-0.008575690849054254,0.0025514392214510805,-0.010382966337335207,-0.0177
2005-11-01,0.053829678230134674,-0.04309988333200939,0.05704861669957226,0.04646259844388532,-0.04263231749468059,0.04761168272864674,0.0392
2005-12-01,0.010374457679278347,-0.01688487866340438,0.00842133138404054,-0.0003190832892637567,-0.008572531890486996,-0.0029865678431889825,0.0008000000000000004
2006-01-01,0.04437060183146969,-0.030994262229651213,0.04838350371201523,0.026682151323498993,-0.04296989667862518,0.021795827716961137,0.0338
2006-02-01,-0.0005543085132190522,-0.005671259308694564,-0.0024219788597931373,-0.01289915998770449,0.001946976261971048,-0.01618481510542452,0.0004000000000000002
2006-03-01,0.021938226221414704,-0.018139827512054434,0.023077745834222785,0.008924659484708906,-0.0203362094041398,0.005501194508879639,0.0184
2006-04-01,0.00510565783479251,0.001224968086462468,0.007004845611169003,-0.012185357431021806,-0.026252595218183385,-0.023716743225783363,0.0109
2006-05-01,-0.03153446694886952,0.04919516890022913,-0.026236256363461642,-0.039832886650091374,0.03799124038600648,-0.04038538052931684,-0.0313
2006-06-01,0.0048596156001287074,0.00307322941991695,0.007239469106142405,0.015954716074362798,0.004593993779456279,0.022119329030508523,0.0005999999999999998
2006-07-01,-0.023251793405797798,0.0504585474380292,-0.015089767196128378,0.02399399838833496,0.0006809035053392886,0.03139646895643724,-0.0037
2006-08-01,0.01800472545498786,-0.027940941514922695,0.015023860637007409,0.03788174651907393,-0.019547618808191388,0.043381984832338696,0.024499999999999997
2006-09-01,0.04774303928068023,-0.012177380040827157,0.05841273705263615,0.026615622632345886,-0.05088465960899862,0.019334911539350068,0.0225
2006-10-01,0.04458861561724916,-0.03467353351879865,0.04756314024678431,0.03835676442359015,-0.033527149688002064,0.03980564884426658,0.0363
2006-11-01,0.014438877313167345,-0.04368179228765016,0.005666002820822502,0.01879654470070353,-0.003966429662984561,0.02324557921201922,0.0212
2006-12-01,0.01327096314539115,-0.013010630999425692,0.01334906278918079,0.022040675608310193,-0.020043310600944664,0.022639885110519856,0.0125
2007-01-01,0.042161326946225014,-0.02939289344009012,0.04599185699806549,0.00995805115884536,-0.02669249802835561,0.004937717097992284,0.0182
2007-02-01,-0.002543940373059166,0.014730199412345732,0.001111937338726803,-0.034971247321114965,0.04554084740042951,-0.0318003672973206,-0.015799999999999998
2007-03-01,0.010296020513755808,0.006941214499161824,0.015467191017631098,0.013079721406146681,0.009495538824651756,0.019852299475386213,0.0114
2007-04-01,0.047570291219744834,-0.03665360347717069,0.05084529754251708,0.06396449234662982,-0.04919515808887458,0.0683952926239564,0.0393
2007-05-01,0.03660949339532773,-0.04611704077273991,0.033757229182104075,0.037039318579444536,-0.029840278361625002,0.0391990306447904,0.036500000000000005
2007-06-01,-0.01940188858876651,0.021471273483659483,-0.01878107312029862,-0.01894088598436829,0.02152853651677141,-0.01816459082464735,-0.0156
2007-07-01,-0.05591894780984148,0.05508359161613043,-0.0561695546679548,-0.0204162697883303,0.0482773685313667,-0.012057940165419384,-0.03320000000000001
2007-08-01,-0.0014437308106947729,0.0008850745408439097,-0.001611327691650032,0.00864723543225598,-0.0029466437720647495,0.01035741293031335,0.013599999999999998
2007-09-01,0.015096976222547213,-0.04322794132275839,0.006657686692483861,0.046297560136893,-0.0637172672630746,0.04107164799903852,0.0354
2007-10-01,0.01558761473163031,-0.0001406360138207674,0.020221708346973174,0.03455986605591684,-0.013534291958669706,0.04086753828509099,0.0211
2007-11-01,-0.05113525929321584,0.09149395294011907,-0.03902765119914488,-0.046119397825361244,0.09360615507582343,-0.03187337065022259,-0.0446
2007-12-01,-0.0198479084920109,0.028526535896103707,-0.017244320270783063,0.01207140041568779,0.01887428042404075,0.021355104667606352,-0.005999999999999999
2008-01-01,-0.049768290612846613,0.06156452628900297,-0.04622941990999971,-0.10755041298745492,0.05656220756625176,-0.12284687461381588,-0.06110000000000001
2008-02-01,-0.0355537913416443,0.03401503609677189,-0.03601541791510602,-0.05409911361435003,0.06739573169866722,-0.05011012818905489,-0.029599999999999998
2008-03-01,-0.02458380309424253,0.04420799844471427,-0.018696544489101012,-0.01321682797597952,0.018130353010228566,-0.011742770465704804,-0.0076999999999999985
2008-04-01,0.04225320940022357,-0.07459323314251379,0.03255120227753651,0.053975362220541806,-0.0353202820515806,0.05957188627123017,0.047900000000000005
2008-05-01,0.03487931010313332,-0.025023529325256644,0.03783604433649632,0.009316015375027126,0.03189578340213624,0.021679555008176137,0.0205
2008-06-01,-0.08984309538209345,0.09911713253930333,-0.0870608842349305,-0.06055864335661007,0.12207395936370768,-0.042104048554480786,-0.0826
2008-07-01,0.03124178734375164,0.02356588462833315,0.047684088935377074,-0.03136661222705689,0.029074137852239747,-0.032054354539502034,-0.006
2008-08-01,0.029471746265395875,-0.01702705455511719,0.03320515377847948,0.029077748136774887,0.005739958994365146,0.0395230602761169,0.0166
2008-09-01,-0.07731048653735534,0.1604820560188154,-0.052359015692917316,-0.05241145695954584,0.16717336841598923,-0.017982883522612826,-0.092
2008-10-01,-0.1710339067026507,0.25897404093295334,-0.14465186643355993,-0.12512346347126604,0.240429365388788,-0.09053169289600946,-0.1712
2008-11-01,-0.09409208076589919,0.16434709709189999,-0.07301557586809895,-0.027405813811725303,0.1870540139133561,0.020488646218763937,-0.0771
2008-12-01,0.06679653381275863,-0.08100122957285948,0.06253512508472839,0.022644693332966974,0.014797162414694125,0.0338772500572653,0.0177
2009-01-01,-0.05339146753249224,0.07121284950757399,-0.04804505293996772,-0.0565819307708107,0.15134555546588518,-0.028152843362288363,-0.0809
2009-02-01,-0.06638392262121795,0.12873485457948258,-0.04767864303373856,-0.07890541915914284,0.15191186509316282,-0.057003485378936854,-0.1013
2009-03-01,0.1180613282577772,-0.10048750680385178,0.12333347469395484,0.08316732727201673,-0.12918848232271618,0.06936098075680688,0.0903
2009-04-01,0.1631536375777796,-0.26809530282858757,0.1316711380025372,0.04641916736885071,-0.25007721095085367,-0.014678245705750173,0.1018
2009-05-01,0.001130097215839972,-0.04980676569539355,-0.0134729033280261,0.039360005644803124,-0.0994559232099072,0.021331230375271907,0.052000000000000005
2009-06-01,0.008088225642170169,-0.004732768063710884,0.009094862915707954,0.03390801711734608,0.04684911891303164,0.0581351579264594,0.0043
2009-07-01,0.07383480705437251,-0.11979577508987858,0.060046516643720696,0.03558176478860455,-0.12117587713370359,0.009903531085074843,0.0775
2009-08-01,0.0345501195442921,-0.05109914221247891,0.02958541274383606,0.024234873149071842,-0.08057816569982082,0.007331885383847155,0.033400000000000006
2009-09-01,0.04614661388236012,-0.08871197385321322,0.03337700589110419,0.0218990893060285,-0.0405775111568071,0.016295562750794922,0.040900000000000006
2009-10-01,-0.015315380180836655,0.0908474758034572,0.007344248505949509,0.021979229351278065,0.059933211122100684,0.04655296149329169,-0.0255
2009-11-01,0.05040248452109824,-0.06970304949345557,0.044612315029391045,0.06945034785787112,-0.06364612865433743,0.07119161361893123,0.0558
2009-12-01,0.05312792099963796,-0.07874608880716745,0.04544247065737911,0.00018959566640540723,-0.011155574884573539,-0.0031001980990450323,0.0275
2010-01-01,-0.020535114120866636,0.03517263422429096,-0.01614385808983934,-0.029569157295456033,0.031698904633159074,-0.028930233094145122,-0.0335
2010-02-01,0.04843860168734358,-0.04422897115334005,0.049701490847544647,0.024227318210519305,-0.04062414351678558,0.019308270618639423,0.0339
2010-03-01,0.07716281369805919,-0.07593387666565832,0.07753149480777945,0.06612216943192421,-0.08456878763735233,0.06058818397029578,0.0631
2010-04-01,0.017369213387428317,-0.06965527982451021,0.00168339345630375,0.0008566123750753241,-0.024991373897428983,-0.006383816081630773,0.0201
2010-05-01,-0.05127587843177475,0.10109717813656502,-0.03632948852033767,-0.08531012321561823,0.09611312407207122,-0.08206922295868234,-0.0789
2010-06-01,-0.056603013549525696,0.09680179391595486,-0.04454337943959695,-0.04826121514004029,0.08909553950009631,-0.03601091783202348,-0.0556
2010-07-01,0.058606068358640184,-0.07619922179263085,0.053328122328442994,0.06826349996319338,-0.09103437348765536,0.06143223790585478,0.0693
2010-08-01,-0.05394102365600553,0.05519325937363034,-0.05356535294071808,-0.04020734266726438,0.05508062828181826,-0.03574535698289823,-0.04759999999999999
2010-09-01,0.1268232228855292,-0.10495294682611227,0.13338430570335427,0.09296616831116496,-0.10308965063825921,0.08992912361303669,0.0956
2010-10-01,0.027147182282060384,-0.026601723337662406,0.02731081996537978,0.04150108909683358,-0.02268451722475752,0.0471460606584564,0.0388
2010-11-01,0.03364256504457444,-0.024235559226699958,0.03646466678993679,-0.0025412861964717688,0.0070872977476479325,-0.0011774827311189198,0.006
2010-12-01,0.043225935613266146,-0.09513444613028121,0.027653382458161627,0.04538211431376404,-0.11311342584009441,0.02506272085586493,0.0683
2011-01-01,-0.00023739614164208333,-0.004345198072260245,-0.0016121744058127819,0.0170684365796219,-0.013402279754673289,0.01816828362710648,0.019899999999999998
2011-02-01,0.05680642565664816,-0.05097331231928012,0.05855635965785857,0.03006969132082089,-0.0216651927290009,0.03259104089836689,0.0349
2011-03-01,0.026930091914867883,-0.01662628817080986,0.030021233038085293,0.013035153486133336,0.0069058142154615094,0.019017443796611792,0.0047
2011-04-01,0.04748213182087056,-0.03854449276652303,0.050163423537174824,0.04933178630397654,-0.0147162939817338,0.05971643400064937,0.028999999999999998
2011-05-01,0.004386716333398481,0.014290468596820054,0.009989871812464041,0.010531665020187741,0.015577020479131481,0.018364270669983508,-0.0127
2011-06-01,-0.007289523548327755,0.033542378277104566,0.0005863328703052881,0.0006836920589353953,0.034068264205972906,0.011109278938407886,-0.0174
2011-07-01,-0.0253834729353548,0.02032036008487921,-0.02690240679049748,0.002561274779134597,0.005039304253601926,0.004841448488955554,-0.0235
2011-08-01,-0.06049336945153585,0.09437742643422098,-0.05032815235673031,-0.05149143203873113,0.0678998404344406,-0.04656890952001829,-0.0595
2011-09-01,-0.07311725770555359,0.11910403243041885,-0.05932122528809402,-0.040408404271350715,0.09963801328397896,-0.022639521567562243,-0.0757
2011-10-01,0.11588064326439053,-0.14752140829339624,0.10638841375568883,0.08757527838649144,-0.13471776439989486,0.07343253258247043,0.1134
2011-11-01,-0.0015345592234682823,0.026266164249605744,0.005884922284372956,0.010122331795318823,0.03311459914430919,0.023093411077207228,-0.0027
2011-12-01,0.009129324900292123,0.0008075567162924689,0.012110389385267501,0.0029954710088818818,-0.02430400704723773,-0.003397089802624872,0.0075
2012-01-01,0.05698789353948087,-0.05090127012343146,0.05881388056429569,0.051398523201422075,-0.05755524514492527,0.04955150661837113,0.050499999999999996
2012-02-01,0.0523424839352488,-0.04428212835030995,0.05476059061073045,0.05399752497170725,-0.04179053230149064,0.05765962277277223,0.044000000000000004
2012-03-01,0.040268147618692254,-0.006591323142454616,0.050371194961563545,0.044227734198675726,-0.017198590431869595,0.052336477328717566,0.0311
2012-04-01,-0.01671253728825832,-0.0004936557228211314,-0.021874395191582154,-0.011623757411900993,0.016885472726921365,-0.010045242817394882,-0.0084
2012-05-01,-0.08323003150456186,0.09414266673753,-0.07995624093467144,-0.06724539820779737,0.06706584618498554,-0.06729926381464092,-0.061599999999999995
2012-06-01,0.014788419888336261,-0.03475636725086085,0.008798035679578884,0.015521336703091582,-0.046019956331987216,0.006371750814422893,0.039
2012-07-01,-0.0027896302472800016,0.01745561055606231,0.0016101638453546912,0.005124918094906733,-0.0021820304461373763,0.00600778438953754,0.0079
2012-08-01,0.033789889159679565,-0.046779423868773796,0.029893028746951295,0.019828346430259134,-0.026473961340106125,0.01783466195730504,0.0255
2012-09-01,0.001451040613725733,-0.02570975735469129,-0.005826574408563934,0.012554955597531461,-0.03533003925839425,0.0057224304992726256,0.0274
2012-10-01,-0.00994302433100529,-0.011452346392907202,-0.01636163554817904,-0.007262295556450518,-0.014301301981698497,-0.013731374817895223,-0.0175
2012-11-01,0.012783953488299934,-0.017484948464327167,0.011373654995491766,-0.01014266895356486,-0.007442393037631592,-0.015418187550923796,0.0079
2012-12-01,0.015490827184597341,-0.037754020416130775,0.008811869215137312,-0.002710938295706657,-0.03498247202786119,-0.014018961392777012,0.011899999999999999
2013-01-01,0.06475395088302321,-0.07182500911876559,0.0626326334123005,0.044608263576783325,-0.07586848405824555,0.03523019743234466,0.0557
2013-02-01,0.0037819065450764213,-0.007543293862575095,0.002653490349826819,0.0032867717398399107,-0.024344302188270866,-0.003030487394689376,0.0129
2013-03-01,0.04981409296002918,-0.05572752607319368,0.04804006302607984,0.034987703760245216,-0.05683621468185141,0.02843315048376336,0.0403
2013-04-01,0.021719445845810696,-0.01607528332271613,0.023412694602739065,0.02069714313096954,-0.026538796103587725,0.018944647239184084,0.015600000000000001
2013-05-01,0.046072256243952336,-0.03352045773157888,0.049837795797664376,0.024575932360090126,-0.021142569639958964,0.025605941176129472,0.0281
2013-06-01,-0.0006788257263116351,0.011096326891470663,0.002446424623236073,-0.002809814233706367,0.0024971148187942554,-0.002903624058180001,-0.012
2013-07-01,0.0872137767181266,-0.0626527348125819,0.09458208928979003,0.05937488154148058,-0.05718040311972096,0.06003322506800847,0.0565
2013-08-01,-0.04134063105826499,0.0227520204157418,-0.04691721425102195,-0.04480849901051791,0.020130415150115218,-0.052211924168638714,-0.0271
2013-09-01,0.04548846029105003,-0.05547686882938748,0.0424919377295488,0.027254674411868393,-0.03839901263398867,0.02391137294523231,0.0377
2013-10-01,0.034188544315984476,-0.024945135288871826,0.03696156702411827,0.018246277815742677,-0.029640834021210507,0.01482791095410233,0.0417
2013-11-01,0.028008871104767814,-0.020312974805592045,0.030317639994520543,0.020245771408871807,-0.004906611174308278,0.024847519479240868,0.031200000000000002
2013-12-01,0.019401030311200884,-0.03596581444435287,0.01443159507125529,0.0216344685382651,-0.04165043868785539,0.015629677493388013,0.027999999999999997
2014-01-01,-0.039900185102014804,0.0176976621572976,-0.04656094198542997,-0.05334595828344478,0.0196024652021665,-0.06346900620782826,-0.033
2014-02-01,0.043989800922039045,-0.060088151736524695,0.03916029567769336,0.04998632086819805,-0.05090713898002447,0.04971007543465013,0.046799999999999994
2014-03-01,-0.0014894621951695166,0.019699048349866643,0.0039734136512396215,0.0050520516626850155,0.0109161606732915,0.009842515363477971,0.0040999999999999995
2014-04-01,-0.004793476125923917,0.023102069108863362,0.0006991017689579162,0.00331855035993092,0.02190852463066942,0.010886672857111023,-0.0019
2014-05-01,0.00769689616513182,-0.03237237123630621,0.0002942536437795032,0.01061016039749168,-0.03654981153530245,0.0028282650561484504,0.0204
2014-06-01,0.027603629207684815,-0.06696160512087632,0.015796236433727365,0.009270054282301755,-0.05288480655081904,-0.003814371398253429,0.026099999999999998
2014-07-01,-0.02937013674600166,0.06694551781285554,-0.018097522425945502,0.0008261592248766844,0.04763372112189742,0.015364123328908916,-0.0203
2014-08-01,0.05149997922244995,-0.06214121698266876,0.04830760789438431,0.05147645324354346,-0.048439662615978055,0.052387490431813094,0.0424
2014-09-01,-0.024642618824295776,0.05329071040582526,-0.016048191349836934,-0.014240152189616918,0.03749091412852247,-0.007264923607945254,-0.0196
2014-10-01,0.04507384167569398,-0.017706350520747947,0.053284089022177794,0.017322388316532374,-0.024885506544042462,0.015053452848279348,0.025099999999999997
2014-11-01,0.03908947961988196,0.008232567396235506,0.0532860937247172,0.032142150049286625,0.00430157191277153,0.04307526663790407,0.0256
2014-12-01,0.014643826254425531,0.019099883616177572,0.02476693921560646,0.003892094985165539,0.02081794933974044,0.011305108282637331,-0.0005
2015-01-01,-0.000473301918245852,0.01443575454322854,0.0037154338692489547,0.004974435579045202,0.02653422854659921,0.014427034816738526,-0.030899999999999997
2015-02-01,0.060206342676673276,-0.06292953057521858,0.05938938630710969,0.05207202822595284,-0.07211009667762765,0.046060607690450395,0.061399999999999996
2015-03-01,0.010773119629522291,-0.007848397061025025,0.011650536400071472,-0.000865134043603277,-0.008163065316542836,-0.0035735938516471104,-0.0109
2015-04-01,-0.01974434057598644,0.0005506338854320347,-0.025502452583152764,-0.000605614940560084,-0.014548047542493302,-0.0051517136854761,0.006
2015-05-01,0.015913621509419183,-0.04146864188491906,0.008247115396769221,0.03167097429374315,-0.025761680778271744,0.03344376234838458,0.0138
2015-06-01,0.0011567642603828043,0.005611858243055488,0.003187351011414292,-0.004821473233474998,-0.0003253981867716632,-0.006365534659548996,-0.0154
2015-07-01,0.0021830427268287166,0.016002148592378945,0.007638600122591014,0.011057829660168366,0.003100223750804759,0.015305245683460304,0.015700000000000002
2015-08-01,-0.06179975803314271,0.06699663646922437,-0.06024069450231821,-0.06700598996407496,0.06582417749118616,-0.0673605337059416,-0.0602
2015-09-01,-0.03748512031330504,0.07360461444446915,-0.02664927207395581,-0.028186943747868332,0.05469314920509193,-0.020235082110701255,-0.030600000000000002
2015-10-01,0.05026183154783212,-0.058015548037365076,0.047935716600972234,0.06930980948610743,-0.06032125555532378,0.07200637566534253,0.0775
2015-11-01,-0.0026045774806901733,0.016719652365019412,0.0016299449846085977,-0.01501196072715295,0.013413569143119815,-0.015491478202362893,0.005699999999999999
2015-12-01,-0.031275911096599884,0.05417695045777547,-0.024405599288247207,-0.0026801593419109163,0.04001114821572369,0.008519137320232916,-0.0214
2016-01-01,-0.056891441511688755,0.09563867991731968,-0.045267269989999484,-0.0601696158646057,0.07014924877393076,-0.05717572599180819,-0.0573
2016-02-01,0.036882977932691574,0.004572454271960611,0.04931960759408723,0.0315086970134871,-0.0031695921271317623,0.040010428479393706,-0.0005000000000000001
2016-03-01,0.0626240735976656,-0.08442421666868441,0.05608403067635996,0.06023325959959228,-0.05751562714819335,0.06104854933501197,0.06970000000000001
2016-04-01,-0.016173477584379724,-0.055687834839918654,-0.03773187131166923,-0.014831563637586472,-0.028874838787619494,-0.027943484365148263,0.0092
2016-05-01,0.015081907762334557,-0.024886192250620536,0.012140622415848765,0.015059673276908832,-0.02841418502475169,0.011053319752555975,0.0179
2016-06-01,-0.002139679319720636,0.020480064796771846,0.0033624363233947267,-0.0021406077590157627,0.011112494276915342,0.0005509581963541108,-9.999999999999996e-05
2016-07-01,0.05064632883528247,-0.06110817235865398,0.04750777577827103,0.038400317839957544,-0.04912268072687476,0.03518360897388238,0.039599999999999996
2016-08-01,0.007099849731817776,-0.0003788724925011547,0.009116142903612762,-0.008517288455342633,-0.011490042225966259,-0.014519487659735302,0.0050999999999999995
2016-09-01,-0.005231253404023855,0.0007665953525391064,-0.00657065081946928,0.002650085460973008,-0.005883236255820452,0.001680140222518775,0.0029000000000000002
2016-10-01,-0.021811583040107507,0.06140235795348417,-0.00993435056609451,-0.02736726245260427,0.043627946999724575,-0.022489057088468177,-0.019899999999999998
2016-11-01,0.06830653702794127,-0.08814245352368744,0.06235576207921743,0.06197710913505795,-0.07252439737195354,0.05881292266398927,0.0486
2016-12-01,0.0021704161649962004,-0.005861014575933229,0.0010632366417150916,-0.002046433767830643,-0.020717467818426434,-0.008875604243707766,0.018400000000000003
2017-01-01,0.031485152711393315,-0.03707402189160348,0.02980849195733027,0.020882461203303875,-0.03182670266003462,0.017599188766284652,0.0198
2017-02-01,0.03758607085001131,-0.024250731102609058,0.04158667277423199,0.03929898832623772,-0.02261511788038092,0.04430414945999476,0.035899999999999994
2017-03-01,0.010167940469343485,0.005627122544989872,0.014906459373643492,-0.00455628676341662,0.01025378367613286,-0.002847037689601749,0.002
2017-04-01,0.017129744857084007,0.008804231426620391,0.024909937742195326,0.024253620504669907,-0.007881975199836383,0.02916511409611997,0.011300000000000001
2017-05-01,0.016839554322505137,0.006780933437160759,0.023925700650404905,0.022453585163215987,-0.013974543342145861,0.024997297709537028,0.011300000000000001
2017-06-01,0.021573045739443138,-0.04388672825492298,0.014878940984799189,0.019710373765507105,-0.035409906347553734,0.015000513990893116,0.008400000000000001
2017-07-01,0.01692954906495288,-0.023534729518287348,0.014947994928952539,0.03233119057879891,-0.007519256589410298,0.03977477077561549,0.019499999999999997
2017-08-01,-0.0014577589225860275,-0.014803572292631665,-0.006336158287151335,0.01207760308091152,-0.0148681935078295,0.011240425952836126,0.0027
2017-09-01,0.0239437210689222,-0.03793513298365533,0.01974629749450226,0.008835341909381149,-0.021483117552472085,0.005041009216453868,0.025800000000000003
2017-10-01,0.01723684072494507,-0.014727705271507147,0.017989581360976448,0.07069276669388067,-0.03289340121111696,0.08203257633870978,0.0234
2017-11-01,0.04576754423468038,-0.02648325550940849,0.05155283085226195,0.05113544418994207,-0.016371242617025418,0.06156470466181707,0.032
2017-12-01,0.02212401929106515,-0.02575360486446368,0.021035143619045592,0.009189656776765781,-0.00874578902053114,0.009322817103636173,0.0115
2018-01-01,0.05198416722589173,-0.045130118676679556,0.05404038179065538,0.07546932768392488,-0.040580938578996834,0.08593584441540329,0.0569
2018-02-01,-0.023274999048168724,0.028477898787003846,-0.021714129126518187,-0.01965119861264867,0.03284759936006645,-0.01569227838842334,-0.035300000000000005
2018-03-01,-0.007040664858160246,-0.0018180725917076453,-0.009698286093120614,-0.028356767077260796,0.012491472649790773,-0.033116355405501806,-0.0223
2018-04-01,-0.010705495066940785,0.0018743293266743422,-0.013354844789020718,0.0031050853642095207,0.03434957525882041,0.0143414835511185,0.0043
2018-05-01,0.040169623077933474,-0.04775418292142843,0.037894255124884986,0.032257235502032945,-0.02545660480491206,0.034297424711169214,0.027700000000000002
2018-06-01,0.023947887151734903,-0.012257013219906103,0.027455149331283544,0.01104630686399097,-0.004412986265905739,0.01303630304341654,0.0063
2018-07-01,0.021329185412614606,-0.0173470144890598,0.02252383668968105,0.03693483375332621,-0.018004482476046753,0.04261393913651004,0.0336
2018-08-01,0.06009993057582784,-0.0359694267786348,0.06733908171498576,0.06722092708686339,-0.029955019380283558,0.07840069939883734,0.036199999999999996
2018-09-01,-0.005547068991897201,0.001997899715819429,-0.006611819774720533,0.008460613652774564,-0.009996295858487051,0.00799990899106082,0.0021
2018-10-01,-0.09516708268318325,0.09677902627969161,-0.09468349960423074,-0.11419890761982444,0.06487081908973764,-0.12899733417885048,-0.0745
2018-11-01,0.03257734122851208,-0.020337882519424037,0.036249178841238495,0.047592397868983345,-0.02184750258758466,0.05531586645340295,0.0189
2018-12-01,-0.08994733871527247,0.11408079518956603,-0.08270730177298441,-0.0931700990481594,0.08898502057806677,-0.09442562258918719,-0.0936
2019-01-01,0.10199434945418034,-0.13874506837892114,0.09096913377675811,0.10263192681363724,-0.11519175049007582,0.09886397971070567,0.0857
2019-02-01,0.05457644797861576,-0.05048509846452968,0.05580385283284158,0.012280730382475503,-0.02384837351828853,0.008810437441731597,0.036000000000000004
2019-03-01,0.0016636535500813472,-0.004752675660866055,0.0007369469168459349,0.018446059246850617,-0.011687537731707824,0.020473615701393454,0.012900000000000002
2019-04-01,0.04119554243079619,-0.04299729712656699,0.04065501602206495,0.039823350825593136,-0.048989509918079974,0.037073503097847085,0.0418
2019-05-01,-0.07498573158316467,0.08186162396252501,-0.07292296386935658,-0.05951670203458635,0.07491452657353016,-0.054897354672903215,-0.06709999999999999
2019-06-01,0.07702167397821034,-0.07918022677400395,0.07637410813947226,0.0661194668029695,-0.071952167138645,0.06436965670226685,0.0717
2019-07-01,0.007227777100997628,-0.016608367518056184,0.0044135999758800615,0.010862441079704232,-0.009582498827587235,0.011246423755339331,0.0141
2019-08-01,-0.03886184128835642,0.0363751979888004,-0.03960783427822323,-0.023385045196727627,0.01007462568165153,-0.027378171051250455,-0.023899999999999998
2019-09-01,0.015420074231104119,-0.0029656841051814323,0.019156391268880926,0.013032128026697213,-0.006326954001234548,0.015043680234336011,0.016
2019-10-01,0.03308746723283548,-0.011547710332088172,0.039549394303059676,0.01728036786245111,0.0008504653084832666,0.02271961781373142,0.0222
2019-11-01,0.035808679417576095,-0.068384538719685,0.026035921626943428,0.04763275135024244,-0.05463842480323754,0.045531049314343916,0.0399
2019-12-01,0.016729203885606305,-0.022707356762533125,0.014935758022528261,0.015824695948713382,-0.00951194608721724,0.017718520907162225,0.028999999999999998
2020-01-01,-0.0158140263450332,-0.007867632325505837,-0.02291852394619491,0.007128293503682379,-0.005685749350644438,0.007561056749593761,0.00039999999999999996
2020-02-01,-0.0866379327883925,0.0663649725280528,-0.09271982086649441,-0.06533849333299328,0.06163162524882458,-0.06645055375824391,-0.0803
2020-03-01,-0.1527719489640731,0.24001141947841173,-0.12660010780977152,-0.04787839711834974,0.1709527464575715,-0.010956092316583219,-0.1323
2020-04-01,0.170012991882395,-0.194713486910332,0.16260284337401393,0.18357480481153077,-0.14119410881969963,0.19628901360908013,0.1358
2020-05-01,0.10155729548016097,-0.10705447444496778,0.09990814179071894,0.0486734238806506,-0.06400289800226537,0.04407458164416618,0.056
2020-06-01,0.02375060420203714,-0.042488506739146586,0.018129233440904304,0.051697765792642875,-0.0399257328860486,0.05522937566462117,0.024499999999999997
2020-07-01,0.0579881791677326,-0.044682553109596485,0.06197986698517343,0.0889368839706109,-0.0197269881808255,0.10969985270754654,0.0584
2020-08-01,0.04594871342063319,-0.09475593863450685,0.031306545856471094,0.06855160885258356,-0.08167255293828043,0.0646153256268745,0.0763
2020-09-01,-0.017854572797053454,0.016011044834308402,-0.018407631185876967,-0.041014255704684956,0.008424814687691235,-0.05079108800978307,-0.0363
2020-10-01,0.008412153793033212,-0.00039286366867600006,0.010817940830340376,-0.024213034457257566,0.006745343491689216,-0.029453341746928072,-0.0207
2020-11-01,0.1184696008650852,-0.21240527669310963,0.09028889811667788,0.08181353441580017,-0.1788855254563515,0.05269193710363476,0.1245
2020-12-01,0.06812154291768933,-0.07160569436655351,0.06707629748303008,0.045740203232769415,-0.04804427252122152,0.04504898244623379,0.046400000000000004
2021-01-01,0.03260419229744002,-0.0219488455390092,0.03580079632496927,-0.011539924466492798,0.012078757117412525,-0.011378274671216881,-0.0007000000000000001
2021-02-01,0.010638574308155067,-0.08088561582748692,-0.010435538147644488,-0.0011157262327378414,-0.0762531465649028,-0.024326388072030032,0.0281
2021-03-01,0.015351759087786136,0.013362325517015071,0.023965984469226497,0.027150869317120272,-0.010616117179829146,0.032111294958307605,0.0316
2021-04-01,0.03230627885903232,-0.020111833388218658,0.03596461250027642,0.056753619090502826,-0.0191771476388652,0.06802656052599412,0.049699999999999994
2021-05-01,-0.00891028436368894,0.008954019537471599,-0.008897163811554141,-0.020032563598959857,-0.002094768104734784,-0.026670763110068253,0.0029
2021-06-01,0.040624460186233224,-0.03334437572134738,0.04280848552569898,0.03863949124453835,-0.02143740299591086,0.043800117719126605,0.0273
2021-07-01,0.003848781384294853,0.06429361577145755,0.024291500531020575,0.015465189401389011,0.045942182510540594,0.033887400974967896,0.0134
2021-08-01,0.02099586659282142,-0.006825091722324335,0.025247099053970545,0.03852873404923036,-0.018080378468169036,0.044663240723548756,0.029500000000000002
2021-09-01,-0.05352473583014816,0.007537148797975691,-0.0673210119397999,-0.05914895718787358,0.015147886780994671,-0.07234927830993725,-0.044000000000000004
2021-10-01,0.051329865161678756,-0.04278250452480279,0.05389407335274155,0.0618892825449108,-0.04503662924466847,0.06694507853498351,0.0663
2021-11-01,-0.020271843797130946,0.08079860898696127,-0.0021138142401818487,0.006961997239389455,0.06502520950085622,0.028558159261463156,-0.0158
2021-12-01,0.03254852028718839,0.006863157189410221,0.044372023530167976,0.022789235467508922,-0.01017297988499677,0.026574112142262567,0.03250000000000001
2022-01-01,-0.09102542479638942,0.12597672217147193,-0.08054003558386467,-0.08262506945885147,0.10910930278404146,-0.07467979946129447,-0.061500000000000006
2022-02-01,-0.03330945216900242,-0.00928527487927587,-0.04608787028348591,-0.04256344549776311,0.006176301229235304,-0.05347958877832145,-0.022799999999999997
2022-03-01,-0.0008590004526727122,-0.03944749007727792,-0.012950947611657902,0.030593971729022965,-0.02425938075630014,0.032494349020839815,0.0308
2022-04-01,-0.07729436092486139,0.12217203102714848,-0.06383105989417527,-0.12587333846153032,0.13875373847941333,-0.12200921845616541,-0.0941
2022-05-01,0.0005822633932295599,0.061969943697554396,0.019347925520464746,-0.0022416347029112584,0.0845588423169962,0.022453527581314227,-0.003
2022-06-01,-0.08103038743586065,0.08473614654609594,-0.07991865970279007,-0.08138578499605645,0.07962762895569415,-0.08191323180816515,-0.0834
2022-07-01,0.11297378077288159,-0.11436348560135229,0.11255686932434039,0.1285699782919246,-0.11418369434097782,0.13288586347720865,0.0965
2022-08-01,-0.037608502824555544,-0.0043709236975318115,-0.050202330781181755,-0.04555179232515369,0.016754724095680407,-0.054190912793995676,-0.0358
2022-09-01,-0.08886216042446904,0.1140852408022917,-0.08129523631112225,-0.09582687360187964,0.10992734729898224,-0.09159673149274886,-0.0915
2022-10-01,0.11853182709310203,-0.0544809848908335,0.1377470797537826,0.08499035241165832,-0.07461942615631675,0.0881016302882608,0.0809
2022-11-01,0.0864605884513973,-0.039357281029272904,0.10059158067803461,0.03596463259031543,-0.03903518251964385,0.0350434676115169,0.049800000000000004
2022-12-01,-0.06104056215722506,0.06201722974622552,-0.06074756188052492,-0.08464137769735526,0.05773611669189343,-0.09271295599899382,-0.0605
2023-01-01,0.09004146395251154,-0.107835908846464,0.08470313048432582,0.06051657979398569,-0.08177421828050017,0.05413928824803135,0.0694
2023-02-01,-0.0299695380105588,0.01866135834212194,-0.03336199191108986,-0.010691794824402485,0.019027694742913825,-0.008191024848849083,-0.022299999999999997
2023-03-01,-0.012555789087444634,0.023367306651894265,-0.009312333818109746,0.03227756285819706,-0.01367322150322381,0.03785886526468903,0.0285
2023-04-01,-0.007042373054333026,0.021027721082791686,-0.002846768645795429,0.033149290126480276,0.006421906210748822,0.045020649027649004,0.0098
2023-05-01,-0.017613087686034607,0.025742888204312246,-0.015174147530551315,-0.005116581922565519,0.017858977134088235,-0.0012938633591087047,0.0069
2023-06-01,0.09793857324450296,-0.0912771609195165,0.0999369969419989,0.06125042638902255,-0.09008752289523238,0.0525992974371596,0.06860000000000001
2023-07-01,0.04625869899435202,-0.06525648078299127,0.04055936445776025,0.041252958834956416,-0.04006433973437724,0.04160954456513017,0.036599999999999994
2023-08-01,-0.021572183234935725,0.057338203990979025,-0.010842377008122735,-0.02788139407925452,0.029685752155490512,-0.027340086656383725,-0.0191
2023-09-01,-0.03806373547574386,0.08760959095251496,-0.023199978832712534,-0.017240093170722753,0.07859553868048826,0.0011665404822068966,-0.04800000000000001
2023-10-01,-0.04278309678018559,0.07874516190961003,-0.03199447724135826,-0.006959806078439161,0.04445248644024444,0.004287998030102422,-0.0268
2023-11-01,0.10173142378275492,-0.10674347089421884,0.10022780964931574,0.07794115169512164,-0.10867570119729876,0.0687207868444685,0.0932
2023-12-01,0.0908924585164641,-0.13137093708436523,0.07874891494609376,0.04139788849661847,-0.0646750777433746,0.034414731722591636,0.0529
2024-01-01,-0.0010309655827586538,0.06932753362052609,0.019458004828571577,0.0017632348268182196,0.029680365763563647,0.01119631500393278,0.012
2024-02-01,0.06414849555585533,-0.0447427378568453,0.06997022286555835,0.0452305263131474,-0.015498203519156257,0.05415022315134474,0.054900000000000004
2024-03-01,0.03524694531512706,-0.03517466297225011,0.035268630017990146,0.0220633116114724,-0.07727822606589432,0.005498837275145822,0.0327
2024-04-01,-0.057499538308475165,0.0654241666366579,-0.05512214981002035,-0.039385942473319405,0.06499865389293723,-0.03170212904743406,-0.041800000000000004
2024-05-01,0.010159997560549527,-0.041796417061337514,0.0006690717103131332,0.010757440685339324,-0.050988943598741246,-0.0013120101886812518,0.0476
2024-06-01,0.004199052197994509,-0.006134948993744531,0.003618283159269502,0.0476834982573454,-0.030490831589396195,0.052841298257730165,0.0321
2024-07-01,0.0379215218918398,-0.042222071864525784,0.03663135690003401,-0.011036643149531317,-0.008006982828716931,-0.016749730943005792,0.0167
2024-08-01,0.015029575624645745,0.006958014813519301,0.021625852756095257,0.05906906353647353,-0.005935162529455115,0.07500923383857906,0.0209
2024-09-01,0.05004883603143849,-0.020176368330574627,0.05901057634169766,0.06000933316857619,-0.05744643604692426,0.06077820230507178,0.0213
2024-10-01,-0.003338587678299518,0.011842979105276754,-0.0007872702502063479,0.010185839389999556,0.007805170088315718,0.015583142233494138,-0.0060999999999999995
2024-11-01,0.1327023369358909,-0.12352839872749571,0.13545451839840947,0.06332292083617781,-0.04102597368715869,0.07001200498088356,0.0689
2024-12-01,-0.05715172916693105,0.06554900854557079,-0.054632545353339126,-0.010498765006439034,-0.030071599391964302,-0.022669874325960036,-0.0278
